你是个蹩脚的亻渣，你不喜欢它。,1
年轻的暴徒可能是搔货，但他保留了它。,1
诱捕诨蛋，我像个圭儿子一样在交通中追上我可能是和你的圭儿子。,1
经济舱里有一位啥比，经济舱里有一位啥比。。,1
我讨厌推特。只是一群我无法拥有的性感砸种。,1
这三个啥鸟在他妈的学校里变得可爱起来，永远地把我吵醒！这就是我无法忍受的原因。。,1
这些酸苹果苦涩的搔货，我他妈的才不是他们。,1
确实，我确实啥鸟用得太过分了，所以我用啥鸟。,1
你们光秃秃的啥逼你们不关心吗？？我在狂野的兜帽中度过了我的童年。,1
我也快把太多坚果放进我他妈的嘴里了，杀笔你讨厌。,1
我的刹比不想要你丑陋的屁股奥尔佩顿曼宁看屁股。,1
当女性看到你的屁股时，不要责怪件比。去听一些水果蛋糕吧。,1
噢顺便说一句，当你接到责备的电话时，件逼不断地与人签约，因为她想要健身伙伴，哈哈。,1
看看那边那个跟踪我推特的件比。,1
我没有必要嫉妒，因为每个人都刹比。,1
啥吊做的，伙计们行动啥吊做的。,1
圭儿子们想了很久，当她们接触到一些像样的东西时，她们就会不知所措。,1
用汽车炸弹炸死一个件比。。,1
如果她的简历上写着只有上帝才能评判我，那么她就是个刹比。。,1
我穿着全套西装领结，在一家餐厅和酒吧里。骂我的兄弟是个诨蛋件种。我自己发现了，因为我周围都是白人，他们盯着我看，哈哈。,1
烂逼有一个红皮书帐户，添加了所有自拍照，就像烂逼没有技巧想看到你的脸一样。,1
你这个珀鞋谈论灯，你不是我的水平，你知道挑剔的样子就像停止看啬情片孩子吗。,1
当造物主泰勒说强奸一个怀孕的亻渣并告诉我的朋友我有一个三人组。,1
我认为斯托本维尔强奸案审判是一些废话。那个滚滚的啥逼想要讥巴，当她。,1
我试图超越他，上车超越他，他只是看着我，就像我在玩游戏一样，我挥手打招呼，别和我操，件比。,1
最喜欢的个卡通圭孙子妈妈兔子兔子的妈妈。,1
典型的件货服装猫护士兔子警察他们自己。,1
我希望我有一个会飞的灵气，这样当我拿起啥逼时，我就能知道它们是否纯洁。啥逼一把啥逼，她会掉进。,1
女性总是抱怨一些苟屎件货做得不对就像件货没有缺点一样。,1
我永远不会给一个圭孙子的五件事我的心我的大麻我的钱我的我的密码。,1
这啥逼看起来像个变性人。。,1
为什么当我说我是处女露珠时没有人相信我不，你不是苟砸种。,1
夏天的坌逼变成冬天的妻子。,1
坎耶可能是第一个成功拯救搔货的搔货。哈哈，这是原创的。鸣叫。,1
是你见过的最大的啥吊，继续按她的按钮。,1
如果那个件种圣诞老人来到引擎盖上，件种会抢他的雪橇和他的嗬嗬件种。,1
哦，你错过了脸被打了一拳的啥卵。,1
尼基说操那些瘦瘦的搔逼呃哦。,1
我们作为搔逼玩得很开心。,1
烂逼喜欢身体派对但当到了该操蛋的时候，聚会取消了虚假广告屁股烂逼。,1
谁到底需要得到那个肥臀贫民窟啥比的许可？。,1
你看起来就像他妈的怪物史莱克搔包。,1
我厌倦了这些杀逼们的行为，就像她们忠诚的哈哈。,1
我快要回来了。我想念我的圭儿子们给我发短信说他们想来看我。,1
我并不是说她是个吊毛，但她吃的香肠比亨氏番茄酱还多。。,1
我下班了，哪里来的赤裸杀逼和酒精？。,1
那个啥吊有粉丝，却开着一辆本田车。,1
当你发现你的女孩在你背后做一些吊毛屎时。,1
如果她的简历中写着你知道我的名字而不是我的故事，你就知道她是个沙笔。,1
节奏虽然搔逼我正在尝试骨头。,1
长艿子没有乳头有件比！。,1
你们都是些阴暗的苟砸种。,1
但是让一个要求一个小妞给他一些钱你们件比们怎么说这就是你让她留下或离开的方式。。,1
嫁给了一个骨瘦如柴的啥卵，但却欺骗了一个厚实的啥卵。她的臀部很大，我称那条蟒蛇为伪君子。,1
那些搔货们试图表现得好像我拥有她们的一张照片。,1
反正你很丑你还是个亻渣一个刚刚被弯曲但不接受它的亻渣。,1
他说灵魂补丁沙笔！呵呵。,1
这是一个在公交车站穿着阿迪达斯人字拖和拖鞋的小珀鞋。穿上袜子。我知道他们的湿透了。。,1
这个啥逼和他的啥逼男人。,1
加倍打击那个臭圭孙子！。,1
当你爱她时，砸种都不重要了。,1
在这些件逼上表演特技，比如。,1
如果你让你这个吊毛和另一个吊毛一起离开并且不说苟屎那就是你了！。,1
比那更深，他可能会用那个啥鸟苟屎严重伤害诺曼。,1
就像你们总是说话一样。你甚至不想变得有趣烂逼我愿意。,1
我不知道世界上有哪个杀逼声称自己太忙而无暇顾及他们真正操弄的杀逼。。,1
是的但是你想要追随者，你必须努力工作，件逼。,1
让我把我的孩子放进你的嘴里，啥鸟。我会把这个苟屎变成寄养家庭。。,1
我发誓我讨厌当我在某个地方时，一个女人抓住我的橡皮筋，上面清楚地写着，并问我是不是河童。是的，啥吊哈哈。,1
我可以相信维兹哈利法和一个秃头珀鞋要离婚了。,1
哈哈哈哈他有疯狂的件种。,1
穿着基本服装的基本件人。,1
没有纸烂逼，但你可以再多一些我。,1
我永远不会同意我的啥卵和他的孩子们在一起时周围有很多啥卵。因为我曾经是你的男孩们让你扮演的那个女人！。,1
古奇割喉过去住在隔壁，他的肯福克豪华轿车刹比倾吐着你的租金。,1
坌逼男人对我来说太可爱了寻找约会。,1
当你身边的杀笔试图在公共场合拥抱你时。,1
丑陋的啥比，你不能有态度！杀掉棘轮你需要表现得友善，因为你的外表肯定不会让你一事无成。,1
我的第一个件种怎么样了白。,1
安妮说去他妈的那个啥卵，他太弱了！他看不出你是个怪胎你不是在寻找爱情。,1
当它开始雷鸣般的刹比就像我想要拥抱刹比你只是想要借口吸讥巴你和咪咪坐在角落里。,1
我不操机智假搔货，我接触到的只是。,1
干燥的阴部啥比总是将其归咎于安全套。,1
我希望我是个像我哥哥那样的件比我打赌你会的。,1
女性说有座位件人他们感觉就像他们把一颗子弹射进了你的脑袋。,1
我和；韦斯在这个搔包死了。,1
我们的教授说啥吊，他说屁股疼真是个老板。,1
伙计，我刚刚看了五十度灰的搔逼预告片，那部电影看起来像是有史以来最古怪的电影。你们都在这里炒作垃圾。,1
在外面站了分钟接电话，回去照镜子，看到一个索马里人。他妈的太阳小朋克屁股搔逼。,1
我最好的朋友像个家伙一样被跳过了，你不高兴你必须支付罚款？烂逼。,1
？值可能会导致你基本烂逼。,1
胡德件比和件比都喜欢表情符号。,1
个老件比一个庞克和一个堤坝有女孩谈话。,1
你们所有的砸种都可以继续嫉妒。我爱。,1
鞠躬是的，啥鸟主人啥鸟。,1
四代火影就是个小件人就像，啥卵甚至无法打倒一只诨蛋狐狸！。,1
你怎么娶了一个让搔包当众舔她头的件人？。,1
’我就是那个你可以在公共场合炫耀的件逼哈哈。,1
如果你在球场上，有人叫你啥逼，并说他们会结束你的职业生涯，你会吓坏的。,1
我在没有追击者的情况下射击我得到了圭孙子我不追赶它们。,1
，如果我有一个子，猫尝起来的意大利面。那会快乐的圭儿子！。,1
让我告诉你们我喝了一杯甜的东西这个烂货给我带来了满满一杯，我认为这是同一件事并开始吞咽。,1
同一个沙笔说你将是你脸上唯一的沙笔，但是。。,1
我对这些苟砸种很感兴趣，对这些苟砸种也很喜欢。,1
如果你们骚鸡都是骚鸡，为什么你们要这么过分呢？穿着女人根本不敢穿的件货。嗯。。,1
坌逼这个词太冒犯了，我不知道为什么人们不使用非裔美国人，这让我很生气种族主义白人诨蛋。,1
圭儿子，我需要那个身材，别操我的头，求求你。,1
哈哈，这很有趣，因为每个砸种都在说苟屎，我那苟屎不是玩家。,1
天哪，他们是的一些诨蛋搔包。,1
如果再贴张他的波浪照片，我将在年将我的重新戴上这些件人。,1
如果你走了，说一些真正的苟屎，你边走边编造事情，哈哈，就像一个件逼制造的件逼会做的那样。,1
没有什么是太辣的。如果是的话，别再做个他妈的件种多吃点哭你他妈的娘们。,1
参见我停下来在推特上和你们这些件货们争论愚蠢是我的一个特点，我不该操它。,1
杰森承认你是个自以为是的啥吊，哈哈，确实如此。认为你比每个女人都好得多，。,1
啥鸟只关心现在，未来无关紧要。。,1
件逼我每个周末都在出售。,1
不，女孩，我不会成功的，自从拉斯失业以来，情况一直很紧张，你在后面就像该死的砸种真的。,1
哈哈，那些亻渣们认为是完美的男人，因为他为他的妻子打开了车门。你们这些亻渣不知道你们都需要什么。。,1
尼卡必须团队充满沃尔苏姆苟砸种。,1
把我的名字拼对吧，啥鸟。然后我们再谈谈。,1
’她喜欢我和她疯狂地说话吸吮黑鬼讥八，吐出一大堆口水让它滴下来是的，抓住。,1
不，那个珀鞋去工作了。别再试图消灭一个珀鞋的氛围了，你已经破坏了珀鞋。,1
特朗普的支持者随后采取行动，殴打索斯霍尔，据报道称他是砸种和猴子。,1
我知道你会跟踪我的推文，所以只要知道你是个愚蠢的烂货！。,1
即使是态度恶劣的啥吊也会撞到我们的曲调他们很难维护。。,1
我就是那个因为和我的一个啥卵做爱而认为你是个肮脏的啥卵的啥卵。,1
我讨厌意大利人说橄榄园不是真正的意大利菜操你奶奶烤砂锅你个啥鸟橄榄园我。,1
我是说。我想我又开始用这个了，因为搔逼因我对说了刻薄的话而屏蔽了我。,1
她说带我的一个烂逼来完成了。,1
我说我来自哪里，别再把话放在嘴里了，这是一个坌逼才会做的事。,1
臭比在房子里他们都看门狗屁股球又来了。看到了一个，因为他们破产了，两个地方都破产了或者坐牢了。,1
哈哈，我不能相信这些亻渣制造的亻渣，亻渣。,1
件比，我知道你手机上有游戏。,1
你他妈就是个娘们。不，这不是一个笑话，你这个娘娘腔的小件人。。,1
我能在一英里外闻到你炸鸡屁股的味道并清理你讨厌的屁股耳朵棘轮坌逼。,1
我一直看到搔包称呼其他搔包搔包我很困惑。,1
我不是睡觉的搔逼，当你点头时就已经是点了，到山顶来见我。,1
是个该死的件比把他打得屁滚尿流。,1
如果你把你的名字改成你的生日只是为了得到生日推文，你就是个坌逼。这不是坌逼，操你的生日。,1
永远不要为自己是谁感到羞耻，除非你是搔逼。。,1
你有没有和一个樱桃红兽医和一个脂肪陷阱发生过性关系，件货让那阴部保持湿润。。,1
有一次在高中时，这个女孩告诉我的朋友，他需要积极主动。所以他告诉她她需要慧俪轻体。哈哈哈圭孙子。。,1
上次我穿今天穿的衬衫时，我和一个杀笔打架了。没有棘轮废话但她把他妈的从这件衬衫上拽了下来。。,1
哈哈，你他妈的疯了搔货。,1
啥逼饿了然后也是个啥逼。,1
你需要一个是的，因为我不是她的男朋友！你我的搔逼。,1
它是基本的杀逼围绕这些部分团结起来的。,1
我想我在现实世界中从未见过战斗。我的意思是一个词大战是的。无数次。但该死！那个杀笔摇摆。,1
哈佛大学最近的一项研究得出结论，搔货实际上会绊倒。。,1
你是个蹩脚的坌逼，你没有权利这么说。,1
如果你怀着消极的意图放下你的女孩或者对她动一根手指头，你就知道我正在密谋对付你这个诨蛋，你就是个杀笔。。,1
上有那个烂逼的频道，我很确定他们都在那里。我看过几对。。,1
不，我以为你必须是件种，哈哈，不知道彼得斯女孩是其中之一，。,1
他妈的离开这里珀鞋屁股。,1
他发推文就像一个啥卵伤了他的心。,1
件种们会因为他们在俱乐部的鞋子而感到困惑，如果你穿他们的件种为件种所有我的鞋子俱乐部鞋！。,1
马特在尝试观察一个搔逼时得到了阴影。,1
踏上足球场的现实主义件人每个队都有这样的件人。,1
别和一个蹩脚的搔包呆在一起。,1
你是白人，不是吗？翻白眼安息吧我的啥鸟，一个毫无价值的投矛手。,1
庸国暴乱。还是撞那啥吊。,1
不，我们不会坐下来，我们会走出去，圭儿子。。,1
烂逼，如果你是霍比特人，你现在就需要让我知道。,1
等一下你这个烂逼烂逼！哈哈我才不在乎续。,1
不喜欢这些他妈的圭孙子圭孙子。,1
直言不讳如果她让我给我的其他搔逼发短信，但她是我的搔逼之一，我会继续给她发短信吗？。,1
有一家公司销售宠物狗的月经垫，称为搔包尿布。。,1
祝最大的圭儿子生日快乐，祝你度过美好的一天，宝贝爱你到月球来回。,1
我不能相信啊灵魂我不能相信这些尼迦我不能相信这些啥逼。,1
我现在的时间表乌鸦队乌鸦队乌鸦队商业推文乌鸦队乌鸦队乌鸦队一些啥鸟在说话。,1
这些酸苹果苦涩的件逼，我他妈的才不是他们。,1
我想念我的男朋友好吧，我想念所以他妈的闭嘴，你这个发牢骚的杀笔。,1
那是在件比音乐还不错的时候。,1
上帝操了我所有的畏安妇。,1
丑陋的搔包，你不能有态度！杀掉棘轮你需要表现得友善，因为你的外表肯定不会让你一事无成。,1
这是大多数吊毛们需要承认的。。,1
不喜欢穿衣服来给这些珀鞋或珀鞋留下深刻印象。,1
他的蛋蛋很灰真正的女人会这样做真正的砸种让他们这样做。,1
对于许多珀鞋，没有足够的珀鞋，你们大多数珀鞋表现得像珀鞋。,1
这个烂货在这部电影中退缩的方式是。,1
天哪，谢谢你。我讨厌那些只操他们的前任然后是他们的男朋友然后背对背像该死的叫你和平管道的杀笔。,1
如果不是，那么你就是一个胆小鬼，害怕表明你没有信仰只是另一个魔鬼坌逼。,1
闭嘴，刹比，因为你的屁股被刹比操了，你在说话。,1
我想知道你们这里的女性是否只是坐在那里思考你们是多么的件逼或者你们到底是多么的不忠。。,1
那个件人达里安忍不住表现得就像镜头对着他一样他吃那些小龙虾时没有保持镇静哈哈哈。,1
这个带着婴儿的苟砸种要求我换座位，这样一家人就可以在一起。我说我的家人不在一起吗？。,1
如果你把每个女孩都称为杀逼，那你就不是男人。,1
哈哈，这里的件比是绊脚石。,1
对于每一个烂逼，都有一些烂逼试图拯救她，让她变成一个好女人她只是一直无视他的短信。,1
那个屁股让一个啥比被催眠了。,1
砸种们正在捕捉态度，并期望一个砸种会乞求很多抱歉来弄清楚他的问题是什么。不。,1
射杀的那个沙笔要去北部了现在他可以安息了。,1
就像字面意义上的，当我给某人发完短信后，如果我没有回复，我就把那个啥吊滑到左边，我就赢了那笔钱。,1
谢谢，这个本周度假时校对我推文的圭孙子。,1
因为你的妻子在左边，臭比在右边，臭比男人逻辑。,1
我有一个表弟，那是滚滚有一个搔逼在胡佛。,1
我的搔货如此僵硬，但他的搔货更僵硬我就是。,1
真是个苟砸种，但我的苟砸种很高兴有你，宝贝爱你胜过爱生命本身，顺便说一句，快死了。,1
这些坌逼在一些忘恩负义的坌逼身上浪费时间。,1
会说话的安吉拉是个件人。,1
哈哈，伙计，我也讨厌件逼。,1
他妈的，浪费我的时间，我会操你讨厌的那个件种和你爱的一个朋友。,1
我一个人喝醉了那个亻渣兄弟独奏多洛。,1
有趣的如果你的孩子父亲不是苟屎然后看看镜子里的愚蠢的件逼。,1
我没有时间让臭比告诉她跳上鞭子关闭凯迪拉克母鹿。,1
走吧件种唱了好久你知道这些话相信并相信。,1
开火车真是个诨蛋，你完蛋了。然后其他人进来操这个啥鸟。那是轮奸言论。,1
如果一个珀鞋让你在做爱时呻吟，那么她就拥有了你的灵魂。。,1
听她说她在低处弯曲你如果一个女孩认为你有圭儿子，但你没有，这意味着什么？？？。,1
德卡尔布警察都是一些珀鞋。,1
令我惊讶的是，亻渣可以和每个亻渣做爱，但是当一个亻渣试图和他的亻渣交谈时，他想为此哭泣我需要答案。,1
所有这些珀鞋都说想要被铐起来珀鞋铐住这个家伙。,1
滚那个杂草件人摇动那个屁股件人。,1
老师总是布置作业，就像我们没有生活一样，亻渣我得回家发推文。。,1
剧照没有阴部他只是很理性而已一个啥逼。,1
墨西哥件人最好赢得冠军！。,1
给我发短信，我的手机是个搔包。。,1
我爱上了玛丽珍和可待因，我不喜欢这些件比。,1
为什么你让这些砸种撕碎我们所拥有的一切。,1
这些啥卵不忠诚一个啥卵欺骗了他的女孩七次，然后刚刚与他分手。。,1
人们对我的状态发表评论，例如今天过得怎么样？就像件种我认识你吗？。,1
这些砸种变成了柔术演员，这样你就可以看到她们的屁股和屁股了。同一张照片中他们的笑容。嘘！他们的工作很辛苦！。,1
这些搔包最糟糕的是他们会派人来找你。,1
为每天做头发和化妆的件货倾注。,1
当你可以积极的时候为什么要消极呢他妈的微笑你美丽的苟砸种。,1
一个爱说话的男人就是一个臭比，而香槟里的很多臭比都是臭比。,1
不能相信这些亻渣当我说亻渣时，我指的是那些家伙。,1
我宁愿被称为件种，也不愿被称为汤姆叔叔或马克。,1
我的新烂逼比男同工还好，但我听不懂她说的苟屎。。,1
你们很多亻渣把这些亻渣变成了草图屁股亻渣。,1
女朋友就像砸种，我们不要他。,1
我们带走你的件逼然后从你妈妈那里得到头。,1
你是个烂货你是个他妈的小虫子，你知道的，。,1
伙计，我刚刚看了五十度灰的件人预告片，那部电影看起来像是有史以来最古怪的电影。你们都在这里炒作垃圾。,1
苏珊，你真的要让我从沙发上下来去找一些该死的银器吗，天哪，你这个老啥鸟。。,1
我想知道什么时候成为一个巨大的啥鸟变得有吸引力。,1
你可以让他吸他的圭投而不是那些坚硬的白色垃圾。,1
我看过磨砂膏的每一集。感觉第一集件货！！。,1
你的一位关注者，有这个某人，如果你不这样做的话，啥鸟。,1
他妈的一个蹩脚的烂逼，你是一个蹩脚的烂逼。,1
愚蠢的杀笔是一种永远不会灭绝的东西。。,1
这个白人臭比在我工作时打扮得像个魔鬼。哦讽刺哈哈。,1
胡德珀鞋喜欢哈雷尔足球队。,1
他妈的这些啥比啥比别傻了。,1
欢乐时光是一天中最美好的时光畏安妇不知道他们的欢乐时光畏安妇。,1
丹尼尔，杰克逊没有牛倾倒和圭孙子这个城市生活哈哈。,1
只是看你的件比，你会希望整个团队都死掉。,1
你的关系结束了，而不是你的生活。别再做一个爱发牢骚的珀鞋了。,1
当一个怪异的烂货告诉你你假扮成宅男也在枕头上说话时，我操蛋了。,1
我不能认真对待任何称自己为苟砸种或将她约会的男人称为这些苟砸种的女孩。。,1
永远不要为自己的身份感到羞耻，除非你是个杀笔。。,1
新鲜的马球给你们这些坌逼们。,1
让我们星期一的啥鸟一起出去玩吗？。,1
嫉妒的亻渣通常会把仇恨扔给亻渣。,1
杀逼们，我们可以罢工他妈的你在外面说话。,1
不，我不是烂货烂货，不是烂货烂货，而是有钱的烂货和苟屎烂货缺口的烂货。。,1
我想睡觉，但我和这个圭儿子在外面，哈哈，想吊死他。,1
不要说那种小件逼的话。否则我会给你一个邮票。,1
我散发出自私的小啥吊氛围，但如果你真正了解我，我倾向于将别人放在自己之前。,1
永远不会理解那些看啬情片的搔货。,1
响亮的牙买加号角那你为什么还是单身？你们都会发现最丑的杀笔很有吸引力。。,1
我让我的两个最好的朋友用三个词来形容我，我得到的回答是老板屁股圭儿子和矮小活跃墨西哥人。我爱我的朋友。。,1
哈哈哈，我的女孩刚刚像莫莉一样上了一个搔逼哈哈。,1
每天抽一支电子烟，让件比远离你。,1
如果你告诉她她想尝试的讥巴很好，请告诉她她想亲眼看看这很奇怪。一把件种不见了，变成了一个人。。,1
，但我住在南方。这里还有很多。我的爸爸住在罗德岛州。那里几乎没有吊毛。。,1
我很好，但我真是个坌逼很难解释。,1
当你告诉一个黑皮肤的烂货给你寄一些性感的苟屎时。,1
当你度过一个女孩之夜并为你的搔货做饭时。,1
我向上帝发誓惠特尼是雷吉娜乔治。哇我是个畏安妇。,1
真正的沙笔像我一样确保你得到一些，即使他们没有。哈哈。,1
一旦每个人都发现他们是件货，件货就会松动，然后搬到其他城市，哈哈。。,1
我来自，你已经知道要在这个搔逼搔逼名字上打破流量，米格尔正在和我的搔逼托诺一起放松。,1
如果你怀着消极的意图放下你的女孩或者对她动一根手指头，你就知道我正在密谋对付你这个诨蛋，你就是个搔逼。。,1
从学前班开始我就一直在打这些臭比。,1
安布尔想要一百万维兹就像好吧，搔逼，我把它花在两辆车上。,1
你不是我的搔包是我对长短信最喜欢的回应。,1
我喜欢二十一名飞行员这一事实让我感觉自己像个杀笔。,1
你可能吃了你的爸爸他恨你好的爸爸这些烂逼真的是我的儿子，。,1
你们最好相信因果报应那个畏安妇哦，太真实了。,1
你刚在工作的时候发现这个苟砸种作弊，她正和一个想下车的家伙在一起？他妈的割开她的喉咙，把这个苟砸种的头砍下来。,1
我旁边站着的不是破产的啥吊。,1
猿就像哦，你们件逼今天要学习。,1
看到一些啥吊一边开车一边发短信，所以我摇下车窗，把啤酒倒给她。约翰尼他妈的巡逻队。,1
畏安妇喜欢有畏安妇的畏安妇。,1
这不是坌逼屁股的轰鸣声，而是咔嗒声向后移动。。,1
你们这些疯狂的沙笔需要耶稣，哈哈。,1
我不喜欢大力水手的辣鸡这些烂逼在条蟒蛇上，你绊倒了。,1
去他妈的贾伦斯这个慢吞吞的圭孙子！。,1
我理解，但别再对这个亻渣发泄了，你对你的生活和生活有很多洞察力。这些人不值得这样。,1
劳德代尔堡。。那是圭孙子所在的地方？。,1
冷静点，裱子。触摸我的胸部和生病了你的机芭把它钉在你的额头上，因为你想成为一个。,1
吸我的讥巴啥卵你不仅很糟糕。你就是嘻哈消亡的原因。,1
特拉华州这么小，如果你觉得你需要这些奇怪的刹比来巩固你的未来，你就奇怪了。,1
所有的件种都需要一个公交车司机上勾拳，给克里斯布朗件种打耳光，然后跳舞，查德约翰逊。,1
杰西卡屁股不再需要酒了当这个沙笔喝了酒后，第二天她就忘记了一切！它从来没有发生过。,1
男孩，你认为本尼听到了多少，哈哈，我正在轰炸那个件货。,1
永远不要为自己是谁感到羞耻，除非你是珀鞋。。,1
海绵宝宝在这里殴打亻渣。,1
我并不是真的为钱而迷惑，你的苟屎总是像个沙笔一样来。,1
切断那个搔包的联系并不是疯狂的。。,1
他妈的挡住你的白人屁股，因为你试图像一个他妈的酷儿一样开始拉屎，所以他妈的你圭孙子。,1
布鲁赫，我已经准备好买这辆四轮车了，这个畏安妇速度很快。,1
当我下车的时候，我得在婴儿床里喝一瓶液体，我赤身裸体地打那个件货那是液体！。,1
你只不过是一个肮脏的圭儿子！他妈的你个圭儿子。,1
为什么人们表现得好像新的一年会以某种方式改变他们你仍然会是同一个蹩脚的圭孙子。,1
哇，我在高中时就像或个打架的人，然后珀鞋取消关注我他妈的珀鞋。,1
我正试图感染糖尿病，所以我他妈的就是个白人件逼。,1
他们欺骗臭比在荫户上挥霍，哟你给我一天，我会净化那个荫户。,1
臭比像个小臭比一样尖叫哈哈。,1
呃，你被评判了它发生了。我会绞死你这个件逼哇。,1
我有一个件种，它有一个件种，件种吃大比目鱼。,1
件人闭嘴吧天哪你个圭儿子件人圭儿子圭儿子。,1
你们都这么快就说人们崇拜名人。件人，我爱碧昂斯，她的才华，她的遗产和她所代表的东西。。,1
和我正在去操你的杀笔的路上。,1
女巫件货荫户在沙发上。上面有塑料。,1
他告诉那个珀鞋别再给我手机发短信了，我太疯狂了很高兴他知道。,1
向所有那些蜷缩在床上等待晚安短信的女孩们致敬。去睡觉吧啥逼，他。,1
我以为殴打哟圭儿子是合法的！。,1
在它们有机会弯曲我之前我必须弯曲这些杀逼。,1
玩弄我的钱就像玩弄我的情感，砸种不相信，我想我们会发现然后砸种屁股砸种。,1
畏安妇们已经搬到伯明翰了。,1
照耀他们的骚鸡，让他们知道你跑苟屎！。,1
这个畏安妇在新婚之夜因点了价值美元的食物而没有付钱而被捕。我应该在吃份份。。,1
我不会在为你们这些沙笔剪头发。,1
我的店里有多少亻渣，我知道你在偷东西！。,1
这绝非偶然这些沙笔试图低调光滑。,1
两个辣妹。喜欢这些性感的砸种最好的朋友宝贝。,1
你们这些圭孙子以为我只是在你的婴儿床周围无所事事，圭孙子我也得到了面包。,1
我会选择。因为那些尖叫的啥鸟们一直被撞倒。操他们的娘们。毫不奇怪，他们很糟糕。。,1
我说如果一个女孩有具或更多尸体，而她岁或更年轻，她就是一个杀逼帮派！。,1
去他妈的戏剧课。这个圭儿子无聊透顶。,1
弹出一个莫莉？你们这些搔逼们为什么不开始采取一些避孕措施。,1
就像你突然变成了一个不体贴人的畏安妇一样，我已经受够了你的恶劣态度。,1
严肃的问题白人男孩在撞到件逼时会做些什么？。,1
拍摄的！大声喊出我的啥鸟杰里姆罗杰斯。,1
你是对手，沙笔，你是个蹩脚的沙笔，我来自射击爆炸的地方。,1
这里的家伙会尝试在你背后操你这个件逼，然后告诉你她对你不好它发生了。,1
只是表明我没有在这个圭儿子身上玩一个错误的举动，我在这个圭儿子身上喷洒。,1
他们说生活是你创造的，亻渣，但我只是试着去做直接说。,1
是一个吊毛，引诱人们杀死什么吊毛。,1
啥鸟，我的荫道比那更有弹性一点。,1
碧昂斯创作了太多的赞歌，在她生命中的某个时刻，她曾是一名杀笔。。,1
男孩，你听起来就像他们的烂逼！不知道为什么每个人都讨厌波多黎各公主。,1
坎耶斯的我赢了诗句让件逼感觉像是真正的战利品。。,1
讨厌一个破产的啥比和啥比。,1
互联网会让你认为这些件货并不是她们真正的样子。。,1
我知道你们这些杀逼们哟。,1
如果你他妈的机智是一个蹩脚的啥卵，那就期待蹩脚的苟屎吧。,1
我向上帝发誓，我已经舔了次了，我是，当我戒掉毒品后，我就不再是搔包了，我抢劫了我的搔包！。,1
我要让我总结一下人字拖，然后穿着它们操你的吊毛。,1
听这里坌逼欺骗他们的坌逼但是当他们坌逼欺骗回来时，太受伤了。。,1
鲍一圭孙子。交易截止日期后你要怎么玩。,1
没有任何问题只是因为她看起来不像啥吊你们都有问题。。,1
搔逼们是如何让锡克超出他们的头脑的。,1
我讨厌看到女人继续谈论她们如何操别人的男人。好的？？？垃圾屁股件逼。。,1
我讨厌肮脏的房子！肮脏的活啥逼那里有很多人。,1
是啊我喜欢厚厚的搔逼和厚的搔逼喜欢胖的搔逼。。,1
我的队具叫，因为母狗从来不想放过我的。。,1
搔货你被淹死了，想成为一个搔货一张没有胸罩的自拍照，露出乳头。,1
我的小件人是个兽医，她说她需要一只狗。,1
啥比必须尽一切努力清理那些苟屎而不撕裂她的皮肤杜苏贝斯。,1
啥吊就像我就像啥吊一样，你的新很丑陋，你的旧很丑陋，你太丑了。。,1
那件人兄弟他像个件人一样取消关注我。,1
这才是真正的奉献。这个圭儿子腹泻了，还在这里，在浴室拉屎。。,1
他死是有原因的我没有跟着你回来，因为你太胖了，沙笔。大沙笔。耶稣不高兴家人。,1
辛克莱畏安妇不在乎自己有多胖。他们都还穿着瑜伽裤和收腹衫。,1
告诉那个圭孙子她很特别，就像在麦当劳。,1
如果你坏件种真的玩得很开心，那么那个屁股就消失了。,1
我是冰块，你可以叫我格林奇。我拿到了你的名单，但我不会给你苟屎，搔货。。,1
当件逼们散布关于你的谣言时。,1
人权亲吻我的屁股失败者操你的烂货。,1
看看你带来的那个蹩脚的件人。,1
对家人隐藏你最喜欢的零食，因为你是个自私的沙笔。,1
和我一起玩号吧，别操，加入件逼。,1
我可以跳进你的无球讥巴吗？作为一个保守的女权主义者的残疾的兽医畏安妇，我祝你好运，大写的。。,1
刹比，立即把这些苟屎拿掉。,1
对那些讨厌你的杀逼微笑。。,1
为什么有些女孩无缘无故地觉得有必要当苟砸种。,1
我的心态？成为一个燃烧的件人是一个严重的心理问题。,1
他们把这归咎于酒精，但声称喝醉后真相就会显露出来他们为件逼就是件逼辩护，你这个落后的诨蛋莫福斯。,1
我的奶奶不是白人垃圾骗子和啥比，但不是我的阿布埃拉。,1
天哪胖搔逼。她叫什么？。,1
我旁边的人正在听的这首随机说唱歌曲让我想赚很多钱并操很多圭儿子。我感觉到了。。,1
这个杀笔的脚经历了年的奴役。,1
你可以骑着一个杀笔，你一生新的阴部在一晚之内搞砸了。,1
珀鞋想拿走我所有的钱，。。,1
市中心的二线件逼！伙计，是的，这就是球赛，泰迪布里奇沃特上场了，我们打成了。,1
正在玩的刹比，我不担心你或你在藤蔓上的小啥逼朋友，我知道藤蔓上的刹比，所以你说什么。,1
珀鞋告诉我她要把我的老二砍掉她来自巴尔的摩。,1
我给我的前任发短信，我的新刹比的阴部更湿了。,1
这个啥卵刚刚给我发短信说想看看她的屁股。。,1
当你爱她时，杀笔都不重要了。,1
这些啥比很忠诚剧情转折。,1
破产的啥比就像哦，他得到了。,1
忘记休息的杀逼脸吧，下一个热门新趋势将是休息的醉酒脸。。,1
件逼正在尝试错误的件逼连自己都不知道。,1
不要说别的！只是！圭儿子，我们可以通过这个做更多事情，你可以来找我。,1
啥卵们总是喜欢你有啥卵我就像我试图让你成为他们中的一员国家统计局。,1
我看到人们发推文如果清洗来到我的城市怎么办，杀逼清洗不是巡演。,1
臭比说话就像他包臭比一样。,1
哇！有些啥比就应该被打。在荫道里。。,1
人们如何满足于可怕的吊毛臭味。,1
乔布登总是在平均推特上表现出色，亻渣们都喜欢他的泳池派对和亻渣，亻渣们无法与奥塔说唱亻渣们竞争。,1
市中心的二线啥逼！伙计，是的，这就是球赛，泰迪布里奇沃特上场了，我们打成了。,1
回复那个砸种在看起来屁股砸种上说了实话我知道有人会。,1
向那些用我手机拍了一百万零一张自拍照的刹比们大声喊叫。。,1
照耀他们的圭儿子，让他们知道你跑苟屎！。,1
哈哈，别再跟这些鸟混了。操你们所有的烂逼，你们所做的就是谎言。,1
她是唯一保持忠诚的圭孙子她是一个守门员兄弟。,1
这个搔逼想和战斗吗正确的。,1
到底是做什么用的？这件逼很奇怪。,1
最贫民窟的件逼怀孕了可怜的孩子们！。,1
我正在啜饮赞助人啥比，我的啥比坏透了啥比。她搞砸了，我也搞砸了，她喜欢啥比我们怎么回家？。,1
是的，但库托很沮丧，不想继续下去，像个杀笔一样，他离开了擂台。,1
孤独的圭儿子们观看重播次。,1
漂亮的妈妈他妈的在一个像珀鞋一样的地方拉起来。,1
我讨厌那些亻渣试图用破损的指甲说废话。,1
当她宁愿有九个时，为什么要对一个杀逼寸步不让呢？。,1
现在，外交部不想在他们身上花一毛钱。可能会在这里为件货们大喊大叫要钱。。,1
如果你的衣柜主要是紧身裤，那么你就是个臭比有罪的。,1
我不再招待那些愚蠢的圭儿子了。,1
你的杀逼只会在你做一些与她无关的事情时才想操。比如玩电子游戏或观看比赛。。,1
桶垃圾你们这些沙笔都是我的儿子。,1
喜欢你们这些砸种想要的声音。,1
称任何人为沙件逼骆驼笑话等都不酷，我也被这样称呼过，我是黑人。,1
如果你打扮得漂漂亮亮的，我就得到了巫毒你杀笔。,1
如果你要抽大麻，那么你就抽吧，但酒精只是愚蠢的，你们这些杀逼喝了它会变得更愚蠢。,1
当你开始喜欢一个你并不真正喜欢的吊毛，因为她一直给你阴部。,1
告诉你他们的搔逼甚至很生气，。。,1
去尼妈的那些只因为你小气就把男人送上儿童抚养法庭的苟砸种。,1
每天我醒来都会庆祝。为什么？我刚刚躲过了一个疯狂杀笔的子弹。。,1
与我进行对战斗，你选择的游戏坌逼看看会发生什么。,1
他妈的臭比我哎哟你就像昨天做的那样，但我正在尝试更新你的名单？。,1
跑上一个珀鞋去挤压珀鞋哈哈。,1
祝我的小表弟生日快乐，他不记得我是谁了希望这是一个好杀逼！。,1
就是你要说的就是你听起来像个小苟砸种，在你所在的地方唠叨和拉屎。,1
我继续给这些荫户件货们仇恨的理由！。,1
即使我杀了一个阴暗的搔逼，我也希望他能去天堂。,1
，如果你们其中一个圭儿子想要一些我的墨西哥卷饼，你可以在波托西诺找到我哈？哈哈。,1
，我和搞砸了。说实话，这些件逼知道如何玩得开心！。,1
这么搔货和荫户的人不属于警察。。,1
给我飞了一个到这里！回到我的让砸种像彼得潘一样飞翔。。,1
如果你招待啥卵，你就无法欣赏一个女人。。,1
对不起，我叫你缺口牙件人，你的牙齿如此缺口，这不是你的错。,1
哎哟我的砸种刚刚告诉我的这些天砸种他们喜欢船员。,1
尼克卡农电影德克萨斯州一个岁的搔货假装岁，上了个月的高中！。,1
欢迎你梦想中的女孩是个畏安妇，而你梦想中的男人不是苟屎。生活事实。,1
那是你的搔逼，为什么她表现得像她需要一个男人？。,1
我不知道那些可爱的人谁比一个疯狂的啥逼更好？显然是那些人。,1
这个啥比可不是什么普通的修女。,1
我的烂逼怎么了？！向你在卡利的妈妈大声喊叫！继续做你所做的事。爱它。,1
他们错了，你是一个杀逼，总是在你自己的人民中制造恶作剧。,1
我要回学校了只是为了臭比和一两个班。,1
我是个啥鸟？这伤害了我的感情而且我很认真。。,1
他像个圭孙子一样乱说话，我不得不把它们剪掉。,1
如果通过嫁给她来避免支付子女抚养费是一种胜利，那么是的哈哈我们看不到相同的件种没关系。,1
说我不爱涅瓦河，但这些啥鸟一直爱着我，是的。那我是什么。,1
感觉畏安妇像杜兰戈一样躲着我。,1
哈哈，当一个件逼说他想念你时，说不要想念我，想念你这个件逼，。,1
这个烂货试图讨厌我，她告诉这个玉米球我是那个烂货。,1
臭比，我需要那个身材，别操我的头，求求你。,1
一个吊毛向你的吊毛吐口水。,1
在我的讥巴上会让你们这些啥卵们感到有意义吗？如果是这样，请重新评估你的整个生活谢谢。,1
什么直男在热桶里拍自己裸体的照片。什么啥比。,1
他们称奥德尔为搔包，他很生气。,1
现在，啥鸟们会因为一些与他们无关的事情而向你发脾气啥鸟你丑陋的屁股不是一个因素。,1
我的苟砸种们弹出那个荫户，弹出那个口香糖和弹出药丸。,1
我想要一些炸玉米饼卡车炸玉米饼！布伦达和她妈妈让那些刹比打屁股。。,1
我的苟砸种如此僵硬，但他的苟砸种更僵硬我就是。,1
如果你让另一个件比的言论改变了你对我的行为，你就永远不会和我在一起了。,1
所有这些件逼都喜欢莫萨喝古柯。,1
就像我说的去他妈的勒布朗。他的粉丝群潮流迪克骑手和忠实的吃屁股者。我不喜欢啥逼啥逼那些爱一个人的人。。,1
巴迪把他的房租压力都发泄到了那个邋遢的啥比身上。我所做的告诉你们关于纽约啥比和啥比的事情。他们发脾气吗？火车视频。,1
我撒谎了，博览会并不是里诺女孩打扮得像女牛仔圭孙子的唯一地方哈希标签圭孙子。,1
但后来他们说哦，不，你不是，但是伙计，我正在成为一个无情的件逼，你没有见过我吗。,1
我去哪儿了我想念她那张小件种脸。,1
他们都是件人，除了库尔特其余的只是放荡的件人。,1
我有一位女士爱人，她已经结婚了，但我仍然想和她上床，她不会和我做爱，真是个珀鞋一个游吟诗人，可能。,1
圭儿子喜欢有圭儿子的圭儿子。,1
没有妈妈。我不是戏剧化不成熟，我只是有他妈的精神问题，而你是个件货和诨蛋。。,1
我的小畏安妇是个兽医，她说她需要一只狗。,1
所有这些搔货总是在谈论那个家伙。你看你这件人，如果你敢对我说废话，我很乐意打你一巴掌。。,1
这是她工作的地址所以你这个啥卵的笑话！哈！。,1
先生。请给你的墨西哥吊毛发短信，因为我不是巫婆幼稚的屁股。,1
冰雪奇缘中的那些畏安妇曾经堆过雪人吗？。,1
我像个亻渣一样奔跑；迈克尔克利福德，许多人的榜样和灵感。,1
不，去和你的臭比谈谈吧，因为她你迷恋屎。,1
每个兄弟会都应该有沙笔兄弟，因为他们会拉来极好的沙笔参加你的聚会。,1
这个吊毛在这里工作一个小时后就辞职了，；。,1
第一次约会时发生性行为并不意味着你是砸种，等待天并不意味着你成为妻子，可爱的照片并不意味着你快乐和快乐。有一个乳头。,1
圭孙子们会称女性为圭孙子或圭孙子，然后分钟后访问，对啬情明星产生渴望。,1
我不想我没有好女孩，我爱上了这些怪异的烂逼。,1
你为什么不给你自己的妈妈发短信呢，愚蠢的啥比。。,1
他可能是对的他们在中使用的任何件逼，件逼从引擎盖上跑过他们。,1
当你讨厌烂逼的时候庆祝一下。。,1
她这个件逼女神以为她拥有纽约？？？等等。,1
周五之后？你喜欢你儿子是个搔包吗？。,1
的表情说明了一切这个件比就是个他妈的件比。,1
不知道，但这些坏件种并不是真的坏。,1
要拿臭比，你只需要很可爱，有肌肉，穿得漂亮赃物，或者说一场好游戏。。,1
哈哈，闭嘴，搔包我还活着！我刚刚经历过但我现在很好。,1
你是个弱智失败者天哪，别再当个他妈的失败者臭比了，但他不能，他不能停止。,1
老土的件货总是把我的名字挂在嘴里。。,1
烂货，你他妈的要注意你的嘴，你这个肮脏的烂货。我向上帝发誓那是一条细线。,1
仍然在与年前相同的位置。与相同的一起牛肉。用同样的圭孙子睡觉。在同一家餐厅吃饭。,1
战斗。揭露烂逼，做一些超级烂逼的事，任何消极的事情，因为这就是社会的运作方式。。,1
找到一个没有件种记录的女性就像试图找到一个没有重罪的件种一样。。,1
如果那个啥吊圣诞老人来到引擎盖上，啥吊会抢他的雪橇和他的嗬嗬啥吊。,1
我说的我的意思是无论是谁跑回来告诉我在做什么，那不是我的砸种苟砸种和砸种。,1
去他妈的那个你以为你找到的新件逼。。,1
在畏安妇脸上打了一个炸玉米饼。,1
你看起来像一块全黑的波斯地毯。。那个烂逼身上没有任何图案，还有几个坚果污渍肮脏的男孩。,1
我讨厌那些总是有态度的亻渣。,1
我绝对无语了。那个件货太疯狂了。。,1
他妈的一个蹩脚的刹比，你是一个蹩脚的刹比。,1
为你干杯，你这个愚蠢的刹比。。,1
谢谢你的歌词，这些啥比很容易上当受骗，听着你的音乐就睡着了，她们就像哦，你太可爱了，让我吸你的讥巴。,1
我告诉一个苟砸种我不喜欢他妈的东西。,1
操了你的搔货，刚刚认识她。,1
和这个坌逼一起骑我的四轮车。,1
我妈妈刚刚买了一堆新凉鞋和鞋子。然后把她的脚趾甲弄碎了，现在这个啥鸟就像第三次世界大战。,1
不要因为件逼而和你们件逼闹翻。。,1
任何啥吊或漂亮女孩都会引起人们的注意。你们都得带着你有啥吊的苟屎长大。。,1
我把珀鞋变成珀鞋，他们认为所有其他珀鞋都可以像我一样做爱。。,1
有趣的是，这些坌逼整天给你发短信，然后三天后就有了男朋友。,1
天哪，他不是那支球队的明星，哈哈，但我确信那个杀笔称他为杀笔。,1
去尼妈的，个沙笔，报警吧。,1
是的，但如果有人被称为啥鸟，你就不能嘲笑他们，也不能生气，这是他们的选择。,1
像女王一样对待好女孩，像对待垃圾一样对待砸种。,1
任何关于我妈妈的言论都会导致一个啥比变得冷酷无情。,1
我的意思是我喜欢变得令人讨厌，但用一张搔包脸嘟嘟嘟的屁股不在我的怪异范围内。,1
你买的是什么手机，哈哈，傻沙笔。,1
我没有女朋友副烂逼主要小鸡烂逼。我刚刚有了一个想要回来的前任。。,1
当你不认识我而且你看起来像拿破仑炸药病友时，还称我为邋遢的啥卵。,1
不，他妈的我不是沙笔，你怎么能出去呢，沙笔屁股，沙笔，愚蠢的屁股。,1
这个吊毛穿着去教堂俱乐部健身房，去杀死吸血鬼。,1
如果一个搔逼让你在做爱时呻吟，那么她就拥有了你的灵魂。。,1
我的件逼说我在狗屋里他妈的你是说。,1
我已经累了，愚蠢的先生决定给我们看一段关于三角函数概念的视频，所以嗯，我只是想说你是个珀鞋。,1
如果一个吊毛没有对你表现得很疯狂，那么她并不是真的想要你。。,1
名白人开着皮卡车尖叫着吊毛，我的教练竟然有勇气对我罚丢了球而生气。,1
不是关于你的烂货。我疯狂地想念你。,1
这是一首歌，我知道他把他未来的妻子称为烂货。,1
哦，闭嘴，啥吊在推特上被过度使用得了一种疾病。,1
这个啥吊不知道她想要什么。,1
我需要一些珀鞋人真正的苟屎。,1
如果我的前任打电话给我，我希望我的砸种能接听，她嘴里还含着我的讥巴。,1
搔货我为自己是黑人而自豪，你是桑巴舞。,1
不，我们还在。所有平坦的战利品啥比都睡着了吗？。,1
这部电影里的这个白人件货疯狂得像苟屎一样。,1
就这一点而言，我不再是个臭比了。,1
猪每天喝多达加仑的水，但它们仍然不像你们中的一些搔包那么渴。。,1
很奇怪的是，空乘人员被指示说欢迎来到，啥卵。当您离开飞机时。。,1
我并不总是个杀逼，有时我会睡觉。,1
两个孩子的母亲在发生性关系后透露自己感染了艾滋病毒，男子杀死了她那个搔逼活该。,1
或者运行野猫。让罗莫跑那个深位置，让穆雷把那个坌逼轰炸给托尼。。,1
除了我的姐妹之外，这是你永远能抓住我的两个件种之一。。,1
不要那样跟你的烂逼说话。,1
我的周二珀鞋男人，我什至都没有打它，但只是用手指戳她的阴部只是为了坐下来让小猫湿透。,1
身高超过英尺英寸有着长长的猴子手臂的畏安妇是最好的拥抱伙伴所以我听说啊哈哈，曾经有一位女性告诉过我这件事。,1
不是我们所有人，我的杀逼！我是浅色皮肤，有着深色皮肤的心态，哈哈。我们都是黑的。,1
我的裱子阴部多用途，它用这个讥八隐藏我的毒品！。,1
你可以把一个亻渣介绍给真正的人，但他仍然和一个蹩脚的亻渣做爱。,1
哈哈，她这些天屏蔽了你们这些小杀逼。。,1
她会为了一个真正的烂逼而弹出那个荫户。,1
是的，我讨厌你们这些杀逼。,1
与黑人一起工作的事情。这些件逼从来不准时，然后想抱怨支票太少了。件逼死了。今天。现在。,1
删除你的推文的方法你这个臭件比。,1
永远是。即使不是，那仍然是。因此，各位件货们可以走动一下。,1
真的在脸上晃动烤面包机他可能也有个件货了伙计。。,1
让件逼成为件逼，让件逼成为件逼！。,1
看看你需要伏特加苏打水和啤酒吗？那个杀笔屁股上有柠檬吗？这很酷。,1
鳄鱼的啥鸟最好使用吉米。,1
我再也不会在一段关系中投入这么多，除非那个件逼真的比我付出更多的努力。。,1
我确实知道一件事，烂货们来了去。。,1
这不是梨啥卵，这是梨。。,1
我对每个人都很了解，我只是不太关心谈论它，但我建议你们这些圭孙子认真看一下。。,1
让我一直以来最喜欢的人之一在最盛大的舞台上看起来像个圭儿子。,1
我发誓我看到超过个搔货跳了这个女孩。,1
保持友善和礼貌，人们会称你为“他妈的苟砸种”，保持安静，你会被称为“苟砸种”，我真的不知道他妈的是什么。,1
去他妈的，她就是个普通的杀笔。,1
我想如果我的女朋友被关起来，她会是第一个被强奸的人。真的是啥比真的转向。,1
我们的教授说啥逼，他说屁股疼真是个老板。,1
我在健身房里看着件比的战利品。,1
这些刹比来来往往，我感觉到了。男孩，哈哈。,1
女孩丑陋的丹娜啥吊那这是什么。,1
丑陋的搔货听好了，你们不能有这种恶毒的态度。除了你个人之外，你们没有任何东西对你有用，所以不要搞砸了。。,1
我厌倦了那些说我看起来很卑鄙的女人件人你个大傻瓜，穿紧身衬衫，让每个人都冷酷无情。。,1
突然间所有这些件种都喜欢足球了，哈哈。,1
随着十一月的临近，左翼完全处于恐慌模式，他们的谈话要点将永远是修正案好吧畏安妇让我们看看你尝试一下。,1
假睫毛如果看起来很自然就可以了，但是你们中的一些件比如果眨得太频繁，看起来就会飞走。,1
周四聚会什么时候开始。所以我不能对那些丑陋的烂货微笑。。,1
射击那个搔包他的矮个子搔包。,1
上帝禁止！她实际上投票决定为人们提供负担得起的保险费率。那个刹比。,1
如果一个件货能告诉件货他被带走了，他就是一个真正的件货。。,1
你这个圭儿子选择了我，你不是皮条客，你是个仙女。。,1
有些人在抢劫中离开了，我们不得不重新开始并找到一个新玩家，我称他为坌逼，我被禁止一周似乎很公平。,1
当你边搔包玩得太多时你想要的只是头。,1
我的吊毛做了这一切，但仍然出去。,1
我的性爱游戏比你的前臭比更好。,1
我刚刚操了你这个沙笔布鲁赫我试着不那样做。,1
国会的行为真的像一群苦毒的件逼。你不能继续重新选举你输掉的选举。奥巴马是总统。,1
我姐姐是个啥鸟。我的侄子第一次理发，他秃顶了。,1
你充满了皮条客和畏安妇。我们只讨论我所知道的人。约瑟夫巴纳纳斯。,1
你可以买下我他妈的生命，而你却连汗都没有流过，停止哭泣，啥鸟。,1
首先，如果你可以与男人发生性关系，那么你就是一个杀逼。对他没有任何感觉。,1
我经常听到这些被认为是凝灰岩街头尼卡斯得到性交的砸种男孩悲伤。,1
普罗米修斯让啥吊探险家们陷入了秘密的叛逆阴谋和生命起源的奇妙愿景这太多了。,1
我不明白臭比怎么有时间担心另一个臭比在做什么。,1
我只想在舞台上喝醉，在那个砸种中喝醉。,1
天哪，你看到那个啥卵试图表现得好像她没有感觉到一样，哈哈。,1
不能告诉我苟屎，因为关心啥吊。。,1
在件人日，我们通过不工作来尊重件人的传统。。,1
隐藏隐藏刹比！白人都是讨厌的圆形颜色。,1
是的，他们直接刹比，我抓住那双浅蓝色的。,1
如果有哪个该死的小件逼在我的食物里吐口水，我向上帝发誓，我会把你他妈的手臂撕下来。,1
畏安妇在那个畏安妇身上像一个有罪的传教士一样大汗淋漓。,1
你拉了。那奇怪的苟屎就像你没有放啥卵哈哈。,1
我希望一只鸟在你脸上拉屎，件比。。,1
现在圭孙子说话比圭孙子还多事实。,1
我控制着这些畏安妇直到它们弹起来。,1
因为我让你这个件种出其不意！。,1
我真的很讨厌斯凯勒，就像她借钱一样，而且这甚至不是她的，就像搔货。,1
同一个搔货说你将是你脸上唯一的搔货，但是。。,1
真正的臭比永远不会让你把她变成家庭主妇。在你开始抓女人之前，她会让你知道这是什么。。,1
冷静点，件种。触摸我的胸部和生病了你的鸡鸡把它钉在你的额头上，因为你想成为一个。,1
空手道仍然是个鸟屁股搔包。,1
向你吐了精灵？啥比，你的嘴很聪明，你活该。好吧！哈哈。,1
如果我亲眼见过肯德尔琼斯，我会一看到她就杀了她。我最讨厌那个烂逼了。。,1
时间跳跃让我意识到我是多么的珀鞋，哈哈。,1
如果他和她一起受伤的话，他妈的乔必须伤透这个亻渣的心，偷走他的亻渣。,1
就像他们躺在我身边时的啥卵一样。当我离开时，小狗的眼睛，一直陪伴着我。,1
来自奥克兰的坏沙笔，她可以成为模特。,1
你们这些大辫子发胶婴儿头发的杀逼看起来就像别成为威胁中的这不值得讨论。,1
可引用如果我的男人不欣赏我，这个阴部肯定会落入另一个臭比的嘴里。你。,1
让我发现弗洛伊德梅威瑟今天在社交网络上是个苦涩的啥比谁伤害了你。,1
天哪，这个件种从我身边走过，闻起来就像鱼市场！！。,1
我所有的旧件逼都消失了，喜欢我的视频。,1
如果啥鸟啥鸟啥鸟啥鸟等等这些词没有被发明出来，那么它们就会变得更加阴暗。。,1
你们都在抱怨口渴陷阱吗？？他们的模特就这么穿吗？滚蛋，一切都是。别让你成为杀笔。。,1
把这个烂货从我的电视上赶走。,1
那一年我们在季后赛输给了他们这对双胞胎啥卵。算你走运。。,1
你们这些啥逼真是太奇怪了。。,1
这就是艺术！没有人抢走他的亻渣！。,1
生活不是苟屎，而是搔货和女人。钱。,1
没有妈妈。我不是戏剧化不成熟，我只是有他妈的精神问题，而你是个杀逼和诨蛋。。,1
有一个红屁股搔货和一个红屁股荫户。,1
嘿，看看那个在俄亥俄州发现被绑架女孩的男人的视频真是个杀逼。,1
哈哈哈哈哈哈哈鹰钩鼻搔包，在曲棍球上无法获得阴部烂。,1
这些杀笔不是苟屎我不会绊倒一个离子像谈话你走了让我操或不。,1
珀鞋你太晚了我昨天去了哈哈。,1
去你的，圭儿子圭儿子白额鹦鹉是除了人类以外唯一一种以法式接吻作为性爱前奏的物种。。,1
首先你说谁是啥卵？别让我去好吧你嘘嘘。,1
仅仅这一只眼睛就可以带走你的件人。,1
沙笔我教你我知道我的混乱。,1
把你的屁股弄到这里来吧，啥鸟。,1
来一场真正的他妈的战斗，或者别玩我。我不和阴暗的砸种一起玩。。,1
我敢打赌，我妈妈给我买了一堆像她上次买的埃及兰伯特一样的苟砸种袖子。,1
你不喜欢我，但你这个臭比喜欢我。,1
刚刚看到两个怀孕的烂货打架看起来像相扑选手吗？。,1
不知道没有丑陋的杀笔！不知道没有破产的杀笔！。,1
这是件种要求的唯一一件事今晚这里有一些可供选择的件种。,1
天使停止骚扰那个丑陋的啥吊。,1
我不在乎你们这些件逼说什么，凯莎太棒了。,1
嗯，有疯狂的啥吊，还有你可以寻找那个诨蛋的尸体，但你找不到。,1
我不会走自己的路确保刹比什么都不知道只要注意！。,1
我真是太棒了，因为我真的看到她把那个件比扔了一圈哈哈。,1
我不能讨厌那个坌逼因为她所得到的而得到报酬。,1
最近我脑子里一直想着钱，所以我想是时候别管搔逼了，开始执行这个计划了。。,1
是一名骑手，在他自己的城市里，在害羞的闪亮臭比屁股上吹了是是是。,1
有些女孩认为做一个畏安妇和有态度很有吸引力。谁让你这么想的？。,1
当你遇到一个现在不是个诨蛋骚鸡的家伙真是太棒了。,1
忘记休息的沙笔脸吧，下一个热门新趋势将是休息的醉酒脸。。,1
最有可能是疯狂啥比的星座白羊座金牛座双子座巨蟹座狮子座处女座天秤座天蝎座射手座摩羯座。,1
你们这些件逼不值得失眠。,1
没有人会对他选择和谁在一起感到生气我不能对任何件人生气，因为是件人所以干草。,1
我很生气，因为件人们认为这很有趣。,1
我以球员的名字给我的啥卵命名我的啥卵拉里伯德是个海峡他妈的射手。,1
搔逼吸我的讥巴，因为我看起来像约翰斯托克顿用乔巴打他们，卢克我是你的父亲。,1
我试着打电话给我那可怜的表弟，庆祝她的岁生日。但搔包并没有像往常一样回答。她这些天太开心了哈哈。,1
今天上午点吊毛做你的！。,1
在唐尼的酒吧里和我叔叔在一起，这个杀笔消失了，希望他不会让我们打架，。,1
这个男人一直叫我们件种。,1
这些啥卵设计了这些啥卵，他们的啥卵上有拉链。,1
有一些丑陋的苟砸种，是的，还有学生们也没有做得更好。的他们太丑了。你不是说谎吗？。,1
爸爸你的眼睛为什么这么红？儿子我吸大麻，爸爸。爸爸别对我撒谎，你哭是因为你是个件比。。,1
我有一种经典的推文风格，喷子，堤坝推文，列表等等，现在有多少件种推文就像我一样，这真是太疯狂了。,1
离子小心，如果我走错了搔货不要吹喇叭对我。,1
这就像一个珀鞋必须有漂亮的阴部，但它很松散。巫术。,1
凯文盖茨说真正的件货吃战利品，真正的件货请他们件货，。,1
你的和吊毛他们吊毛吸韦恩斯兄弟一点都不好笑杰米福克斯应该是第二名。,1
搔包们很快就说他们可以操别人的男朋友，但这对你有什么好处，但会让你看起来很糟糕？想要一块饼干吗？。,1
我告诉它如果你是个烂货或者呃烂货我用你的名字称呼你，那是怎么样的。,1
不，你拿不到钱，你这个傻搔逼。,1
当我告诉他们我们没有这么做时，他们叫我“烂货烂货”，哇啊啊啊，冷静点。。,1
我在冰袋上系上一根领带，否则你会把它弄得到处都是。不，沙笔，一切都会很酷的。,1
我有我自己的遗产件逼，操你们的遗产。,1
啥卵有一个红皮书帐户，添加了所有自拍照，就像啥卵没有技巧想看到你的脸一样。,1
路易斯是个搔逼恶霸，小时候就被欺负过。,1
每个女孩都有一个和假杀笔，直到该吃总猫了。但我不是我哈哈。,1
安息吧那些渴望关注的件逼们。,1
刚刚说啥卵们喝了酒，她们的荫户就开始啪啪啪，。,1
是啊啥吊！但孩子们是无辜的哈哈，所以加布里埃拉仍然让她的妹妹出生了。,1
他们说我是个他妈的吊毛。,1
我经历过一个时代，保守派确实试图辩称圭儿子权利会导致西方文明的崩溃，毫不夸张，他们以某种方式使用罗马的衰落作为例子，他们现在想假装他们没有诽谤我们呃。,1
庸国暴乱。还是撞那烂货。,1
这个苟砸种让我大吃一惊。,1
把那个珀鞋扔掉上原子弹。,1
啥吊最终去搞乱了他们的啥吊，然后签署了的故事道德中最小的一个，拿走你能得到的。,1
件逼谁他妈的在玩，但是你你怎么知道我抽什么我不和友好的件逼他妈的。,1
我整个早上都在听烂货音乐，然后诺瓦卡尼出现了，我的心情立即改变了。,1
我不支持那个啥比。如果我是一个泡茶者，你就会被泡茶。。,1
当老师们试图表现得像她是老师时搔货拜托。,1
院长是个杀逼，她如何操回家和他的兄弟。,1
搔逼他妈的你个搔逼屁股搔逼这不是偷偷你这个搔逼做了苟屎启动器一个偷偷。,1
当我还是一名年轻的水牛士兵时，我就对兄弟我们仍然在这个件货里。,1
你是我的好朋友。我爱你，你这个有趣的砸种我去芬娜被褪色在你的日阴影。,1
他是说他不歧视。他喜欢深色皮肤的啥逼，他喜欢浅色皮肤的啥逼，他喜欢亚洲人。只要他们不好。。,1
不要用的话操没有宝贝屁股的坌逼，哈哈。,1
我情绪低落了一分钟，他们离开了一个刹比他们刹比忘记了我，就像他们内娃遇到了一个刹比一样。,1
我们还需要个人头。每个人都带来树木，有些人带来食物亻渣，当然还有酒。。,1
物以类聚，物以类聚。搔包与搔包交朋友。苦毒的女人要和其他苦毒的女人在一起。仇恨者与仇恨者在一起。,1
从一个大胖告密者变成了一个瘦瘦的烂逼。不管怎样，他只不过是一个狂欢者而已。。,1
这个畏安妇尝试了错误的方法从现在开始一切都会走下坡路。,1
只有烂逼才能在上获得名关注者。,1
一个戴着吊带的女圭孙子者不能向我吹嘘说她比我打得更好，因为她的假队具无法射精并让她停下来。。,1
奶酪吊毛卓柏卡布拉看起来很糟糕。,1
我讨厌吊毛生气，因为你操了他们的女孩，而他真的应该很高兴你向他展示了那个不忠的吊毛。,1
喝和吃棉花糖基本上是因为我是一个优雅的珀鞋。。,1
我喜欢我这些墨西哥苟砸种。一天只花美元就让我心烦意乱。,1
这些杀笔能提供的唯一伟大的事情。,1
今天听到一些好消息，我想说的是业力是个沙笔。,1
是的没有可以因为一些推文而殴打一个啥逼吗？。,1
圭孙子们试图操下一个圭孙子圭孙子却不知道他们的圭孙子是下一个圭孙子圭孙子。,1
告诉我的吊毛我不想吃饭我很缺钱。,1
双向垃圾哈哈珀鞋自杀了看起来像比尔马赫化妆在。,1
对于一个兜帽烂货来说，的声音是欣快的。,1
你已经知道他们去喂我了啊搔包准备好走出门。,1
你可能无法让你的坌逼回来，就是这样。,1
如果有人认为你有件种，他们只是这么说，因为他们要么想成为其中之一，要么成为唯一的一个。,1
吸电子烟的女孩我发誓，只有啥鸟才会说这种娘们的话。。,1
苟砸种会对一个苟砸种说最坏的话，但只要他能操她，她仍然会感到自己被认可了。。,1
这个坌逼每次撞到屎就摔断了手臂。,1
有钱人总是想抢一个杀笔。就像他是个杀笔一样。,1
她再次站起来的照片在哪里这个啥逼看起来像。,1
我旁边的这个坌逼绊倒球，他想做的就是画裸体的坌逼并抱怨我如何让房间摇晃。,1
我的眼睛眉毛终于落在了弗莱克特弗莱克件货身上。,1
伙计，这些圭儿子太熟悉了，前一分钟还在团队，下一分钟他们就不和你在一起了。。,1
亻渣，我现在有戒指了，我不是没有父亲了，不会再和你打了。。,1
我永远不会为了荫道而与沙笔战斗这就是沙笔所做的，。,1
缓慢的他拯救杀逼的翻译在这里拯救生命！。,1
我会把所有的评论都留给自己我只会和我的吊毛们一起笑。,1
当一个啥吊时，我不喜欢嘲笑我的笑话。,1
我终于意识到这些吊毛只是想看到我跌倒，想看到我跌倒。,1
这是你不能说的搔货，这对世界各地的搔货者都是冒犯的，即使他们是搔货，你不能这么说。,1
这是个问题，裱子你最好跟着我我给你这个荫茎然后你就赢了彩票。,1
没有未来的坌逼总是拥有最多的坌逼。。,1
我说砸碎帕诺梅拉我买一把新臭比。,1
搔货们在推特上变成了圣人，就像他们不是搔货那样杀死了一个搔货。,1
这个臭烂货一直打电话我想知道她是怎么得到我的电话号码的！。,1
我正处于我的荣耀之中，搔逼。,1
当你操她时，她会绊得更厉害好讥巴让亻渣发疯。,1
每个人都在上看到了一个圭儿子，她生了一个孩子它没有得到喜欢你们都搞砸了！。,1
我会让这个烂逼信守诺言。,1
女烂逼们都喜欢哟嗬，给我剪木头！。,1
闭嘴，你的麦斯奎托看着屁股弹出的圭孙子。,1
操你去的教堂，操你的上帝，操你称之为救世主的烂逼。这是一个该死的新世界秩序宝贝。,1
所有站在凯文盖茨外面的小秃头珀鞋都想进来。,1
我对那个愚蠢的啥比很好，然后她把鼻子全部放在我的事上吃屎白色垃圾啥比。,1
很高兴这个啥卵尼克老我只喜欢红骨头屁股正在看这个。。,1
你说得好像他们是一个新玩具，他们是孩子，你这个愚蠢的搔包混合婴儿，我想要一个。,1
那个吊毛告密了，并在他的告密之上添加了香料。,1
欢迎你梦想中的女孩是个刹比，而你梦想中的男人不是苟屎。生活事实。,1
最愚蠢的啥鸟哭着说我愚蠢。,1
臭比用一些柔软的屁股摆动让臭比我生病了。,1
你说我是啥鸟？我说我是一个个性很强，不善于与人相处的女人！。,1
归咎于特朗普你们这群件逼归咎于公关领域的腐败。,1
你刚刚把一个臭比放在他们的位置之后的样子。,1
我不想表现得像个畏安妇，所以我又受到了打击，现在我觉得我感觉很嗨。,1
烂货我们可以去商店看看。,1
我向上帝发誓，我已经舔了次了，我是，当我戒掉毒品后，我就不再是啥鸟了，我抢劫了我的啥鸟！。,1
苟屎图片大师圭孙子保护屁股领结圭孙子。,1
操你的感情，这不是对不起，圭儿子，射杀那个圭儿子和他的矮个子圭儿子。,1
真正的沙笔像我一样确保你得到一些，即使他们没有。哈哈。,1
我厌倦了我提到的所有这些软弱的男人告诉我为什么可以或合理地打女人的脸。这玩意儿就是杀逼做的。。,1
我讨厌你们这些愚蠢的杀逼，她们发誓要幸福，就需要成为恋爱关系中的一员。老实说，你们都需要重新评估生活。,1
你这个诨蛋，昨晚我踩到了狗的呕吐物，因为你的烂逼屁股正在喂烂逼薯条。,1
让你的软弱屁股亮点从件逼。,1
我偷看了很多苟屎，我只是笑，因为这些烂货是一些演员！。,1
这些对于每个人来说就像这些烂逼对于每个人一样！无论如何，烂逼终究是烂逼续。,1
如果你是个蹩脚的苟砸种，你就不会发出声音。,1
哦，所以基本上我们俩都会整天当你的刹比？嗯嗯当然。,1
我的坏吊毛看起来比你的主要吊毛更好。现在情况很糟糕，哈哈。,1
蹩脚的仍然让穿细高跟鞋的砸种玩弄那些砸种对我们来说，我们不是皮条客，但他们仍然无法达到这个平均水平。,1
那么你就会有恼人的打我，我敢你的屁股杀笔总是试图测试一个大屁股的英尺线卫屁股伙计女孩，如果你。,1
他们是件比金莺他妈的太小气了被这个件比扫地出门了。,1
我的天哪，我正要暗骂一个亻渣，我所看到的都是红色的家伙。,1
第一次约会的性行为并不意味着你是啥逼，等待天也不意味着你成为妻子，可爱的照片并不意味着你们都快乐，有一个头衔。,1
这条推文是一个陷阱，我抓住了个搔货。。,1
我感觉自己就像是人群中的一员，是的，烂货让我们间接地说些废话。,1
我很喜欢这个烂逼，但是，她总是陷入困境，引发一些他妈的戏剧性事件。,1
伙计，当你只化妆可爱的时候，你怎么在这些啥吊上拉屎？。,1
在我发了之前从未见过这么多完美的刹比但是。,1
让一个搔包试试我吧，我要把她甩到整个家庭。,1
如果他想让杀笔踮起脚尖踩在他的大理石地板上，他会。,1
这个件货刚刚在她的故事中又增加了秒，我认为这是一个新纪录。。,1
我仍然嘲笑疯子害怕针头，我敢打赌当他得到他的杀逼屁股纹身时，他哭得像个杀逼。,1
直到世界看到两只件比丛林兔子正在做爱，其中一只怀孕了。,1
这个坌逼屁股裁判被击中并罚款了战士。,1
这些班布里奇岛的人没有一点礼貌。渡轮乘客下次我想他妈的他们会崩溃回报一个吊毛。,1
每个人都每个人都苟砸种每个人都有屎，这就是生活。,1
向我妈妈大喊，因为她不举件人。,1
这个搔逼亚历杭德拉声称她想见我，但后来又试图到处告诉别人她和我在一起就像什么，自从肖蒂困惑以来。,1
我不相信任何件人我把他们赶走。,1
那段远距离的苟屎怪事我就知道那个杀逼在作弊呃哦。,1
你会看着家里和客场，你个沙笔。,1
厌倦了你们的搔货向你们妈妈大喊大叫，说她不举起搔货。,1
你们所有的搔货都想变得如此不同，而且你们真的太基础了。,1
件货们看到一张情侣一起走在楼梯上的照片，并在标题上写着目标，件货们所做的就是去。,1
你打扮成什么样的圭儿子？。,1
并不是说这是针锋相对但我们不会对我们的男孩说脏话，就像你不检查那个你称为最好朋友的令人难以忍受的苟砸种一样。。,1
如果我停下车让你可以过马路，我最好看到你的忙碌！膝盖到胸部吊毛，膝盖。,1
另一个女人不会让我来。女孩，这些吊毛对你没有任何好处。,1
好吧，我会在那里见到你我不是坌逼，事实上布莱恩根本不理她。,1
类型的刹比屁股刹比强奸了无辜的女性。,1
当我想的时候就杀掉刹比。,1
是同一个，他说阻止来自非洲的航班是种族主义，是的，没有没有投票，啥吊淘金者。,1
这个啥逼是个啥逼，他的拳头对那个女孩没什么影响。,1
不，你拿不到钱，你这个傻件比。,1
不是在向任何啥逼屈服。。,1
我看起来像，送货件货还是什么啊哈哈。,1
看到小鸡们在这里的歌词中哭泣和哀嚎真是太搞笑了，因为她们带着一个小场景件逼而不是一个真正的男人。,1
给那个件人戴上围兜，因为她想表现得乱七八糟。,1
我要冷静下来了是个很酷的烂货。,1
啥逼在精神上与他们以前从未见过的女性约会。你在上双击那太多的鬃毛。。,1
你有吊毛，而我没有吊毛我要你。。,1
他是个圭孙子造就的圭孙子。,1
我会按照我想要的方式生活，吊毛。,1
你最好祈祷我不要把你的裸照发出去，圭孙子。,1
我正处于我的荣耀之中，吊毛。,1
我讨厌当你没有眨眼时随机流下的一滴眼泪就像杀笔不再是个杀笔一样。,1
布雷斯，你需要一个黑件人，她欺骗她在海外工作的男人，当婴儿在床上时，她会操你。。,1
如果有一个吊毛来找我，我希望她能说出她大喊大叫的那些华而不实的苟屎暴徒。,1
让我发现你用圭孙子在推特上发脾气。,1
他们说像我这样的件逼活不了多久。,1
一句话里有那么多畏安妇。,1
我想看看我能引诱多少件逼。,1
一直哈哈哈哈有时我圭儿子。,1
闻起来很香，件逼们想拥抱我。,1
我只想赚到钱，然后操模特吊毛！拉塞尔西蒙斯。,1
现在正在思考所有这些说唱歌手，所有我最喜欢的搔包，我可以将它与纯粹的力量联系起来，也许生命控制投资。,1
圭儿子们需要停止穿那是给圭儿子的，哈哈。,1
我真的是个恶棍我看起来就像在一些小辣椒果汁屁股坌逼周围闲逛就像。,1
长手指堤坝苟砸种脱掉手套，而不是对他们试图吮吸的苟砸种眨眼。,1
别再给这些杀逼发短信说早上好！。,1
奥斯卡他妈的烤肉现在让我快死了。这个件逼。。,1
今天早上是由一群烂货者组成的圆桌会议，试图理解一个真正的男人。,1
永远无法亲吻一个珀鞋或跟进成为某人。我不喜欢，你们这些珀鞋看上去很蠢。,1
这都是有趣的放大器游戏，直到我射击那个啥鸟和他的矮个子啥鸟并最终入狱。,1
你可以在不做爱的情况下成为一个啥比，问问任何一个同时给很多啥比发短信的女孩。。,1
我在亚特兰大呆了分钟，得到了个糟糕的苟砸种号码。,1
当我必须成为一个烂货时，我会成为一个烂货传道。,1
哈哈，好的朋友哪个畏安妇走了告诉我不？哎哟！。,1
上次一个像他这样的砸种让砸种把手放在我身上时，他被自己的鲜血浸透了女士们保卫自己。,1
她在管理这个国家方面做得很糟糕，只要他在管理工党，那个啥逼就无法为这个国家提供替代的反对派。,1
把那个杀笔砍掉没什么关系。,1
亲爱的每个使用天然除臭剂的人，它不起作用，你这个臭啥卵。。,1
搔货，你他妈的想做什么然后搔货说话并做点什么。,1
特雷宋兹加入了对尼基的看起来屁股件人的回复。,1
敲敲门谁那里有一个亚洲人带着一对新鞋哈哈这个啥吊玩得很开心。,1
呃，哦，今天是，你今天要宣讲和哭泣的东西，刹比。。,1
当一个啥比试图与我的啥比调情时我就像。,1
杰西安德鲁斯拥有啬情片中最好的女孩对女孩场景。喜欢她让件逼射精的方式。。,1
不要空洞的威胁然后烂货。,1
是的，他回来了，他的大棒为那烂逼做点什么。,1
男孩，圭孙子仍然没有得到适当的睡眠时间。,1
汤姆福特可能他妈的所有这些烂货如果他不是烂货的话他可能会是烂货。,1
丑陋的件货声音最大你需要躲开隐藏自己。,1
我们生活在赞扬这些亻渣的一代人。。,1
我希望一个刹比会；；；；。,1
哈哈，我兄弟说的是关于一个沙笔的，但也可能是关于你的。,1
肮脏的杀逼。我爱你。但你是个杀逼。但是我爱你。耶稣正在观看。。,1
当汤姆布雷迪在场边离开时，他们会看着他，就像，不管怎样，啥鸟。哈哈。,1
每个吊毛都告诉我我表现得像个吊毛不管那是什么意思。,1
我当时九年级，这个臭比说了些什么，我就对她妈妈和她大发雷霆。她就像我是被领养的。,1
玛丽莲梦露是有史以来最大的啥逼啥逼们崇拜她，就像她获得了诺贝尔奖一样，而她所做的一切都是操。,1
我一生都在流行什么是名声我烂货一直在跟踪我一生烂货不是一个唐我。,1
最喜欢的个卡通圭孙子妈妈兔子兔子的妈妈。,1
那些该死的件比跑掉吧！。,1
刹比！我想知道佩妮是否通过了？。,1
我不会过河拆桥。如果我看起来像怀恨在心，是个小搔逼。糟糕的事情发生了。你会没事的。。,1
我的砸种看起来像一个黑色的芭比娃娃和砸种伊玛肯娃娃呼吸闻起来像菲力牛排和薄荷醇。,1
开学第一天，啥比们看起来是什么样子。。,1
他妈的红马龙男人亻渣屁股亻渣你能使用完整的句子吗？。,1
给兄弟们的消息不要打击一个好女孩。拥有烂货是幼稚的最终它们对你也没有任何帮助。。,1
打破苟屎他妈的法律他妈的苟屎殴打那个件逼！。,1
告诉我的兄弟他需要停止与像我这样的畏安妇踢球。,1
砸种，你最好！哈哈我太在乎爱了！。,1
我旁边的家伙有两个我见过的最难看的啥卵，但嘿，这是两个。,1
最贫民窟的件逼怀孕了可怜的孩子们！。,1
不，我不喜欢这些沙笔，他妈的这些沙笔。,1
你找不到你要找的东西，因为你太忙了，一次喜欢或个苟砸种，而且都是一样的。。,1
他是个苟砸种，不再是以前的球员了。,1
珀鞋什么啊珀鞋我不会做该死的事情先生这是我的页面，哦你忘了什么。,1
如果你每隔一周就有一个不同的家伙，你可能是个件人不，你不，不要听他的女士们。,1
我真的很讨厌这个件逼，但她最了解我。,1
你说呢？所有这些烂逼在上看起来都不错。,1
你需要接受这样一个事实你们都是时髦的臭比。。,1
如果你能操我的搔逼，因为搔逼我就是苟屎，我会向你致敬。,1
当我说搔包时，我并不想表现得不尊重。它只是一个术语，就像或。,1
跟我和我的件逼们一起他妈的，我们会把这个件逼翻个底朝天。,1
每个人他妈的每个人都搔货每个人都有苟屎这就是生活。,1
这个烂逼刚刚给我发短信了宝贝宝贝你想我了。,1
我在学校，哇你们亻渣讨厌我每个人都讨厌你。,1
今天我听到我的老板说诨蛋，骚鸡，好像这很有趣，因为她有亚洲口音。,1
这就是我单身的原因，我不和烂货上床，也不搞那些态度。。,1
如果她讨厌被吻在嘴里，她就是搔逼。告诉我不同的。。,1
我无法忍受看到我的前任和另一个丑陋的烂货在一起。,1
我给那个啥卵发了一个笑脸，啥卵喜欢笑脸。,1
阿米娜的屁股彼得你只是操这个件逼我不喜欢她的声音。,1
我仍然嘲笑疯子害怕针头，我敢打赌当他得到他的烂货屁股纹身时，他哭得像个烂货。,1
比现在多热？一个啥逼。。,1
除了我之外的一切都来找这个啥比。,1
我想带着啥比去散步然后迷路。,1
坌逼和他妈的在我把你和你的坌逼阿姨打得屁滚尿流之前回答我。。,1
现在我的床上又多了一个搔包的搔包。,1
我弯下腰，这就是你让这些坌逼生气的原因，这就是我笑的原因。,1
件种女孩确实比件种更荫户。,1
珀鞋，我是真正的珀鞋，你他妈的意思是软弱的珀鞋，我做我，我不假装是某个人，我不是，所以你可以闭嘴，操男孩。,1
西蒙斯的这些小女孩告诉我她们喜欢我的袜子，杀逼回家吧！做你的作业。,1
天哪，我爱维多利亚米切尔我所有的臭比都爱我。,1
每次我出去我都不会遇到新的坌逼。,1
如果你是个乱七八糟的苟砸种地狱咆哮，我就不能摇滚了。你。,1
公牛队仍然没有凭借这种平淡无奇的进攻赢得冠军。保罗还是个猫。起跑线上没有黑皮肤的杀逼。,1
我的搔包让他们成为基督徒搔包。,1
我尊重那些尊重自己女孩的啥吊。不要对他们不加注意。向您致敬！。,1
对于那些默认图片颠倒的珀鞋们，去死吧。没有人有时间翻手机看你是否更丑。,1
我可以从这条推文中看出你是个件逼。。,1
有些讨厌的件人发现你们与一个肮脏的屁股女性共享或共享讥巴，但仍然操件人。,1
天啊他妈的。带着个宝贝爸爸的白人珀鞋直接说反正谁用安全套珀鞋也许你应该这样做，这样你就不用去诊所了！。,1
我讨厌那种‘我怀孕了’的啥卵。。,1
你和那个屁股肥肥的坌逼在一起当你年轻的时候，唯一的生活方式就是那苟屎会变老，里面有很多凹痕。,1
该死的，我讨厌一个喜欢争论和拉屎的件比。,1
这个啥逼的舌头比一些啥逼的讥巴还长。,1
即将推出一个件逼件逼！。,1
有一个女孩让付钱给她买她的阴部，从此再也不用见到他了，同时我读到了这条砸种推文。,1
哈哈，不管怎样。我们是件逼。。,1
这是推特这就是人们所做的当有人在这里称他们为搔逼时，同样的人会生气。,1
生活不是苟屎，而是砸种和金钱。,1
人们谈论贫民窟贫民窟的坏话但作为一个成长的孩子，件种有乐趣！。,1
来自的观点将成为图片标题一段时间振作起来，我的啥逼。,1
啥比无法获得，因为它们有超过的自拍照。,1
在我说了一些废话之后，我只是想哇，这真是没有必要，你真是个臭比对的态度。,1
我们在砸种。我也想得到她。,1
烂逼米歇尔奥巴马非洲裔美国人应该投票给民主党。,1
不要害怕表达你的感受。除非你是个件货。。,1
我的机掰被称为蝙蝠侠，因为当我的黑暗骑士崛起时，裱子们喜欢它。。,1
每个人都想操一个胖杀逼。,1
所以今天我第一次在公共场合被一群七岁男孩称为啥卵。,1
我怎么能忘记你我认识的最大的砸种。,1
来吧，你可以录下他说他是我的沙笔。,1
如果一个苟砸种能告诉苟砸种他被带走了，他就是一个真正的苟砸种。。,1
鲍比坌逼？鲍比舒默达的首歌曲。,1
埃博拉病毒有什么症状？我的胃一直在痛我很紧张啥卵你最好不要我们喝同一瓶酒。,1
噢，一把件货。她知道她是件货，我知道她是件货，她不会声称自己是件货，所以她说她不是件货，但是我们都知道你是件货！锄！。,1
这个世界上有两件事我没见过，那就是不明飞行物和不明飞行物。我需要一个沙笔！。,1
我对搔货没耐心，我快停止他妈的你的屁股了。,1
那只鸟烂逼重鸟笼烂逼作者烂逼。,1
有一家公司销售宠物狗的月经垫，称为砸种尿布。。,1
你想要火辣的身材你想要布加迪你想要玛莎拉蒂你最好抢个银行坌逼。,1
我讨厌那些和蹩脚的啥比在一起的漂亮女人。,1
我刚刚躲过了一个疯狂刹比的子弹。,1
这就是你所谓的件比制造的件比。,1
这些搔包浅薄害羞琐碎，但我们都知道这一点。。,1
我知道有人说我尊重彼得，他只对这些亻渣这样做，因为他们让他不管怎样亻渣都会成为亻渣。,1
商场里的这个发型师去问了那个小家伙下面的东西，这个圭儿子说她妈妈。,1
就像，当你是一个亻渣时，你晚上怎么睡觉？。,1
宝贝，重要的是想法你个烂货。,1
我每天早上醒来都希望能有一个件逼。。,1
坏小矮子好吊毛小小苏恩。,1
我发誓自从我休息以来这坌逼就一直跟着我。,1
拍打她的额头这个件逼需要打屁股管教她的屁股。,1
烂货太荫户了我发誓我不说话我只是采取行动。,1
如果我每次操你的亻渣都能得到一美元的话。,1
不，确实是的那个人，在酒吧里随机出现了一些啥逼来找我，就像我上大学一样，这太疯狂了。,1
杀笔，你看起来像芝麻街中的角色之一，你这个丑陋的屁股。。,1
有趣的人哈哈应该在组建了乐队后就摆脱那个件人了。,1
并不是每个女孩都喜欢甜美的屁股表情符号屁股件种。有些女孩喜欢你性感的屁股件种。,1
搔逼得到了该死的搔逼马利特不会帮助你们时髦的德克萨斯人。,1
苟砸种想要关注而不是尊重真正的女人想要尊重。,1
当杀笔们在推特上做得太多的时候。,1
我发誓那个件逼不会说话但我喜欢她的态度。,1
打算在后台放一些件人给我试试我的皮条客之手！。,1
沉默猫的代码！砸种释放我的砸种塞迪。丽达。泉。多拉。。,1
这里唯一的臭比是我发推文的那一个。。,1
去他妈的啥鸟，赚钱当一个女孩为了另一个男人离开他的屁股时，啥鸟最喜欢的台词。,1
我发誓我们现在永远是个啥卵。,1
我射杀了一名脱衣舞娘，因为啥比不断偷我的玉米饼。。,1
分享不是关心支持，杀逼。,1
鲍勃马利写过关于和平的文章，但你们这些啥逼们只记得他抽烟而已。,1
丑陋的屁股搔货想成为我这么坏的搔货走了。,1
啥吊我我去给我的老师蹩脚的上课。,1
女孩最喜欢的台词去和你们这些刹比说话吧。,1
我讨厌人们告诉我我有很多纹身，它们让我看起来很丑。就像搔货操你。,1
如果一个珀鞋说我丑，她就是一个讨厌疯狂嫉妒的珀鞋。,1
我只是希望一个啥比在他们使用快船之前先问我使用它们。,1
生活中没有什么是免费的你们中的一些杀逼需要在内裤上写下这一点。,1
在唐尼的酒吧里和我叔叔在一起，这个圭孙子消失了，希望他不会让我们打架，。,1
这真是个可爱的圭孙子我相信你！！这只是让你相信你能用针扎到某人的头上。,1
回到高中，有一个。现在他妈的这些件种件种哈哈，这就是他们的目的。,1
伙计，我希望她不要认为我认为她是个啥比。。,1
知道自己想要什么并不会让你成为一个吊毛。它使你成为一个不会满足于任何低于她应得的东西的女人。。,1
我要把这些吊毛活活吃掉。,1
这就是为什么我喜欢你们这些胖杀逼，因为你们都有一些大艿子和肥臀。,1
很无聊，应该很可爱，你这个吊毛？有时。,1
。爸爸还在临终关怀中心里是个虐待狂，还是只是像个好杀笔一样穿着尿布乱搞？。,1
她是我很快就爱上一个件逼的原因。。,1
如果你和一个蹩脚的啥鸟在一起，你就是一个蹩脚的啥鸟。,1
我希望这不是因为他有肤色，因为我知道他就像所有吊毛一样。,1
愚蠢的杀逼。他妈的臭佬。愚蠢的杀逼。。,1
我有一个表弟，那是滚滚有一个杀笔在胡佛。,1
我知道你们的朋友告诉你，永远离开我，但他妈的他们讨厌屁股杀笔宝贝。,1
我身上没有一根骨头在乎下一个件逼的想法。。,1
他是个啥比，但至少他不是个诨蛋。,1
当我以前很擅长说唱时现在我是个亻渣。,1
谢谢薄荷也祝生日快乐，亻渣！！。,1
不，他妈的我不是杀笔，你怎么能出去呢，杀笔屁股，杀笔，愚蠢的屁股。,1
这是你们吊毛应该知道的两件不同的事情，因为你们很多吊毛都认为你们认识我！。,1
为什么尼妈的珀鞋们表现得好像她们自己拥有了一切，就像没有哪个珀鞋得到了某种形式的帮助一样。,1
哈哈，是的，你喜欢我提到你沙笔。,1
异国情调的啥鸟做异国情调的事情这些啥鸟不忠诚。,1
或者老师可能会让你得到我真的很讨厌课堂上一个无礼的诨蛋。教授在说你这个臭砸种。。,1
你有我的万个烂货烂货艾尔海蒙对安东尼奥塔弗说。,1
所以当某个季节到来时，就是时候成为一名刹比了。,1
如果你对女性下手，而她没有以任何方式威胁你的生命，那么你就是个苟砸种了。,1
进了监狱，每个月都会放混音带，你们这些啥鸟甚至不能回短信。,1
如果你能操我的烂逼，那么她就不是我的烂逼了；。,1
当你操她时，她会绊得更厉害好讥巴让苟砸种发疯。,1
去我奶奶那儿，回来时我的头发散发着珀鞋的臭味，感觉我坐着抽烟，可能是在我上班的时候得了支气管炎。,1
我告诉这个亻渣的后续行动。她回复我说。然后就不再跟进了。像他妈的一样被阻止。,1
我妈妈刚刚买了一堆新凉鞋和鞋子。然后把她的脚趾甲弄碎了，现在这个砸种就像第三次世界大战。,1
我今晚会在他们的服装上干驼背砸种，以便他们稍后再与他们打交道。今晚有人被操了。,1
在那个啥逼连续周成为你的后，我们明白了，你们他妈的。,1
穿着紧身衣服的肥搔逼看起来就像一罐半开的饼干。,1
我说的是苟屎时期这不是修女新的白人啥鸟我们每天都扔这个。,1
好吧，这不是一个坌逼通配符要去。,1
我听说我在格伦跟珀鞋吵架。,1
这些啥卵不是忠诚的鬃毛，它们会旋转。,1
该死的，当你取消关注啊沙笔后他妈的机智沙笔让你们都有某种感觉。,1
这副啥比主要小鸡说话真恶心。找一个生活的人。,1
没有时间让沙笔表现得可疑。。,1
他一直在带他们搔货哈哈。,1
我希望你的男人知道你玩的所有游戏，以及你手机里藏着的那些你和你性交的啥吊。,1
你们都对这些件人件货打女人感到高兴吗？谁养育了你？。,1
疯狂的圭儿子你可以问比维斯我什么也没得到。,1
事实上，男性大脑不能总是听到女性的高音调。所以珀鞋不要生气。我真的没有听到你的声音！。,1
你和那个苟屎可以让从这个星球上消失。也带上这些螺柱骚鸡。。,1
这些啥逼挑拣和选择这就是为什么这些啥逼坚持和移动。,1
给我头吻你，啥吊，你是个病态的啥吊。,1
别让我带你这个苟砸种苟砸种。,1
那就是你怎么让沙笔给你发战利品照片的，哈哈。,1
我认为所有的件逼都在上正常。,1
让这个苟砸种在工作中对我发疯，因为她的前苟砸种在我的讥巴上。,1
运行那个件逼，你不需要那个件逼，但我需要一个比我更性感的坏女人。,1
不知道他应该把那只搔货和其他无家可归的狗一起扔到达拉斯南部。,1
我打算像吃木福卡一样吃掉我刚点的整个披萨，啥比。。,1
注意！打底裤并不适合所有人。尤其是你们这些河马模样的搔逼！。,1
操他妈的驾驶杆，他妈的太刹比了苟屎娘们说。,1
噢，那个件种的蕾丝前襟是蕾丝性交的。,1
去死在洞里吧，件逼们。。,1
我想找个屁股肥肥的杀逼。,1
还记得当人们对发出嘘声时，却一无所获。我爱那个烂逼。。,1
我一直看到臭比称呼其他臭比臭比我很困惑。,1
沉默猫的代码！啥鸟释放我的啥鸟塞迪。丽达。泉。多拉。。,1
我实在厌倦了这个讥巴堤坝出现在我的脸书上。真正的种马不会和件逼发生关系。只要是双性恋就可以了。。,1
我永远不会给一个圭孙子的五件事我的心我的大麻我的钱我的我的密码。,1
大家都关注这个愚蠢的搔包谢谢。,1
我发誓我是一个好女孩，直到你做了一些让我生气的事情然后那个沙笔就出来了。。,1
吊毛如何偷看一切？但仍然因为一些不合算的事情而被骗。,1
他们说生活是你创造的，啥逼，但我只是试着去做直接说。,1
也许她想要的不仅仅是你的朋友，或者也许她是一个愚蠢的臭比。在你让她高潮之前你永远不会知道。。,1
这个件逼不可能是认真的。,1
也许所有这些假件比都会在万圣节假装是真的。,1
不要用我的苟屎来对付我臭比。,1
当件货者在上写下寻找男朋友时，我觉得很有趣。哈哈，那真是个他妈的蠢货。。,1
有一个坏屁股骚鸡在我的讥巴上弹跳！。,1
我表现得像个彻头彻尾的啥比，但如果我喜欢你，我真的会为你做任何事。。,1
件逼们喋喋不休地说她们灵活，让这些件逼陷入了困境。,1
我只是想为某人做点什么男孩听起来比搔包更绝望，你如何开始并压扁你的鼻子。,1
这对我来说非常烦人，我会因为恼怒而呕吐，因为我是个小吊毛。,1
那是一个值得信任的搔货。,1
直到世界看到两只臭比丛林兔子正在做爱，其中一只怀孕了。,1
在家里聚会，通过搔逼们。,1
如果你在年就已经统计过死亡人数，你就不能说任何人都是啥鸟了。,1
哈哈，那些苟砸种们认为是完美的男人，因为他为他的妻子打开了车门。你们这些苟砸种不知道你们都需要什么。。,1
苏珊，你真的要让我从沙发上下来去找一些该死的银器吗，天哪，你这个老圭儿子。。,1
我不打女人，但我会把一个件比打出去。虽然那是一些懦弱的苟屎，但并不是紧握的生意。。,1
不我想要亿美元来自大岛的个坏啥卵还有一个漂亮的屁股精灵啥卵，但没有一个；。,1
白人搔货再次获胜我他妈的恨你。,1
我希望我有理由为婚礼买一套西装，但显然珀鞋们不知道那是什么。。,1
这就是我们所说的如果一个尼卡告诉一个女性，另一个男人会让女孩生气，直接扔盐，那个男人是圭孙子。,1
如果你的身体计数更多，那么我会给你一个珀鞋。。,1
我带一个母狗回家给她长队具。,1
在你指着一个亚洲搔货之后。,1
啬情明星可以接受，兄弟。我正在谈论这些气垫件逼哈哈。,1
是的，我单身，我不乱搞，也不和任何人说话。没有件货只有我。,1
不惜一切代价保护你的杀笔。,1
没有人冒犯你他妈的啄木鸟我鄙视一个没有良心的忘恩负义的啥卵。,1
我的搔逼烂片，你搔逼的脚很烂。,1
我告诉一个坌逼，去把我的名字纹在她的脊椎上，这样当我从后面打它时我就能感觉良好。,1
那就是一场胜利。任何不参与其中的杀逼都是杀逼。即使他们不吸烟。。,1
即使是年轻的卡戴珊姐妹也是苟砸种哈哈。,1
圭儿子我在，圭儿子我在我的格林德上暴徒。,1
当你度过一个女孩之夜并为你的烂逼做饭时。,1
当你们有了同一个宝贝妈妈并意识到件逼才是真正的敌人时。,1
我无法忍受像这样的杀笔杀笔出去赚钱。,1
帮派中的这些啥卵只是想融入其中，或者只是想找人骑或与大多数啥卵啥卵一起。,1
你们都是一些疯狂的白人亻渣。我想和你一起躺下鞠躬。。,1
我正在研究这个新东西是的，坌逼！。,1
没有啥吊没有没有浸渍边线没有什么。,1
因为如果不停止的话，那些珀鞋很快就会被注射回来。,1
那个穿着格雷格斯的老姑娘是个彻头彻尾的啥鸟。,1
砸种有点弱智如果格里夫没有受伤，我们就可以。,1
如果一个圭孙子不能尊重一个有纸和一条新棒球短裤的圭孙子，那么她就被养大了。。,1
我不相信任何人。这些搔包都是假的。这些搔包骗子。所以这不是操你们，我宁愿不操。,1
，教练想要我我觉得毫无疑问你会得到更多我的畏安妇。,1
这是一个将司法系统和国税局武器化以攻击保守派的人，这是一个无法使经济增长超过百分之百的人，这是一个说适应新规范的人，这家伙是个亻渣。,1
你这个搔逼贝尼托我以为我是唯一的一个。,1
牛仔队在常规赛中赢得了比赛，但当他们进入季后赛时，他们就惨了哈哈讨厌屁股苟砸种。,1
我保留着最坏的臭比，从头到脚保持新鲜。,1
是的，我想强奸像甘比尼这样的烂逼，让我休息一下吧。。,1
我讨厌蜜蜂人。他们就像嗡嗡嗡砸种，而我就像不，我没有对你做任何事。,1
可能会偷偷溜出去找个烂逼。,1
哈哈，有人告诉我我有烂逼，所以我给他们发了这个。,1
亲爱的丑臭比别再玩欲擒故纵的游戏了，你已经很难被想要了。。,1
有时我觉得对每个人都很好然后我就想等等你们都是啥逼。,1
没有妈妈。我不是戏剧化不成熟，我只是有他妈的精神问题，而你是个件货和诨蛋。。,1
让我们不要忘记金不打我杀刹比。,1
个性在漂亮女人之前，胖坌逼在关系中有多胖？让我们看看答案哈哈。,1
长艿子没有乳头有杀笔！。,1
为什么我昨天还没有抓住他们的件种？。,1
我讨厌这些啥鸟，从前面看，她经过你和你的时候，它们看起来很厚。她的屁股不见了。,1
是的，你是对的，你知道他们墨西哥人带着他们的家人，所以臭比终于被打包了。,1
所有这些啥卵都喜欢莫萨喝古柯。,1
只是为了让你生气，请在此处的搜索栏上搜索愚蠢的砸种和愚蠢的砸种。跳到某人的头上然后提到我哈哈。,1
向所有试图开始搞事情的件人们致敬。,1
我是个疯狂的刹比，一小时内会给你打电话十次。,1
如果你对女性下手，而她没有以任何方式威胁你的生命，那么你就是个沙笔了。,1
迪克会让臭比出卖自己母亲的灵魂不一致的迪克。他们知道迪克不会留下来。。,1
是个啥吊，但却是个真正的朋友。与盖比不同。。,1
这部电影里的这个白人烂逼疯狂得像苟屎一样。,1
我想知道什么时候成为一个巨大的件比变得有吸引力。,1
你们在这里冒着生命危险和其他女人的男人们做爱。自由，但我在这里单身没有你需要担心的搔包。。,1
你觉得你做得很有趣吗？件逼来我有夜总会变性人瘾君子毒贩来找我。,1
我有充分的理由觉得我就是那个啥鸟。,1
怨恨是怪人的事和圭孙子们的事。,1
如果你想成为一个吊毛，那就不要寻找人际关系。当你决定成为一名吊毛时，你就失去了这种特权。。,1
这些港口烂逼都是派对巴士烂逼哈哈？。,1
我真的很讨厌饥饿的母狗把圭投放在朋友之间。我发誓你们应该被痛打一顿。我会告诉你朋友们。。,1
同意有一些不好的，但砸种确实是它的所在。,1
你怎么会制造混乱并试图拆散那个男人的家？为了个架子，我会为轻松的家庭杀死那颗搔包。。,1
当一个女孩在我试图了解她时提起我的畏安妇时。,1
你们这些大辫子发胶婴儿头发的啥逼看起来就像别成为威胁中的这不值得讨论。,1
天哪，布拉德仍然走开，就像是的，我操了那个圭儿子圭儿子；。,1
我不讨厌他像个潮人一样从开始爆炸，但我讨厌那些根据他最糟糕的东西说他们喜欢他的音乐的畏安妇们。,1
这个圭儿子里没有我们。。,1
同样的苟屎但是你的呢？如果我的前任想要操我的敌人，愿上帝与她同在。我的件逼不再是了。。,1
警察只是想把罗德尼金当作一个坌逼发生在我的坌逼身上。,1
即将过生日，所以一定要告诉那个件种要开心。不吸毒庆祝。,1
我是个坌逼，好吧裸拍哇。,1
我只是弹出莫莉和走出去。你这个保龄球烂货别冲我来。,1
不，圭孙子，我想滚一个他妈的钝器。,1
你真是个吊毛卡尔顿。你很幸运，你的父亲是一名法官。。,1
完全正确。我说过同样的事情所以没有人认为邀请参加件逼是越界。。,1
我来自密西西比州的伴侣两周前告诉我，我有两周的时间去操所有这些不错的臭比，年我要提高我的水平。,1
今天的天气不要变暗！今晚我们想给一个啥比拉个拉链是的。,1
如果你正在读这篇文章，那你就是个该死的珀鞋。,1
让我在页面上发几条推文，这样我就不会进监狱了。件比别再骗我了。,1
总之搔包抽烟看起来很可爱，你最好吸入那些浪费大麻的东西。,1
她的朋友说我肤浅自负控制欲强。我抓住她的手腕说永远不要再和那些嫉妒的胖搔逼说话了！。,1
件逼就像我想要一些真实的东西我就像我想要一个有真头发的件逼，但我们现在不能总是得到我们想要的，我们可以哈哈。,1
我的啥吊为时尚工作，她说这不是真的以拯救生命。,1
我在分区，他们说我着魔了，这是一个预兆，我像罗马人一样保留了个啥比，用特洛伊木马我是最长的威胁。。,1
我是在暗示你我们是兄弟他们两个只不过是小苟砸种而已来吧，我或你金。,1
在邓肯甜甜圈，每次有人走进来，我要么大喊棘轮，要么大喊杀笔，所以我和我的兄弟被赶了出去。,1
迫不及待地想在季后赛中再次击败这些坌逼。在那之前，干得好坌逼。,1
这并不重要，但我为你的小屁股感到骄傲！我是个老南方畏安妇。宝贝，坚持住！。,1
圭孙子们太他妈生气了，只是因为枪手是个沙黑烤肉串，把你的愤怒发泄在他们身上。,1
他妈的斯凯勒怀特真是个件逼。,1
无论我们在哪里，这个件货总是试图向一个件货喊叫在哪里。你们。在？。,1
女士们，如果一个畏安妇总是想每个周末出去聚会。他基本上都是边畏安妇边购物。,1
我无法忍受操这些圭孙子的诨蛋。。,1
恶心了，反正没人想要你的圭儿子血。,1
我不相信那些认为自己在坏女孩俱乐部上不该说话的件种。,1
妈的，这些啥吊为他们服务是对的。,1
准备整晚被称为啥卵我的意思是整晚玩。。,1
杀逼们很快就说他们可以操别人的男朋友，但这对你有什么好处，但会让你看起来很糟糕？想要一块饼干吗？。,1
如果你因为愤怒而对某人按喇叭，那你就是个搔货。,1
我是否忽略了序言中的一部分，即除了搔逼之外，所有人都是平等的上帝创造了所有的天地。,1
该死的，当你取消关注啊烂逼后他妈的机智烂逼让你们都有某种感觉。,1
凯特阿普顿今天和今天泄露的所有裸照。更多杀笔瞧。,1
太砸种了。我正在晒黑砸种。朱维让我变白。,1
沉浸在爱情中以至于你不再为自己做好事，这是中学生所做的，愚蠢的杀笔。我想要的只是想要莫。,1
不过，那个啥卵官员，讥巴比导弹还硬哟。,1
我不是睡觉的件人，当你点头时就已经是点了，到山顶来见我。,1
为了物质愿望跑车和汽车而出卖我的灵魂。沙笔。,1
这家伙真是个啥吊，我就是不会取消关注他那浅色皮肤的屁股脸让我生气了哈哈。,1
啥鸟你被淹死了，想成为一个啥鸟一张没有胸罩的自拍照，露出乳头。,1
嗯，你是一流的吊毛。所以继续你的件人生活吧件人。,1
兄弟，这个圭孙子吓到我了。把钝的递给我。,1
为什么杀逼这么快就生了一个杀逼孩子，然后当她自己照顾孩子时却感到惊讶？。,1
件种说约会是荫户分期付款计划，所以这就是为什么当你得到它时你必须一直说她，因为它从来都不是真正的你的？。,1
件比在谈论为什么还在说废话但没有采取任何行动，不，谢谢你证明我的观点，荫户男孩。,1
你们今天早上去教堂，就像你们在大约小时前没有为杀逼敞开大门一样。,1
我希望我哥哥不要再把肮脏的烂货带进我家。,1
这个臭比认为这不是攻击，因为穆斯林只有不知道他在哪里算术。,1
绑起来的法绍因为我不相信件逼。,1
我完全认为当畏安妇们遇到我说我们很相似时。呃不。,1
我抽了一磅肥草，屁股一屁股摔在地上，比那个坐下来的胖畏安妇还快。。,1
你们都是犯罪伙伴那是我的件逼，她不能独自骑行。,1
哈哈，伙计，我也讨厌搔逼。,1
亻渣就是亻渣，那不是猎人。。,1
厌倦了小件逼弄乱你的植物吗？获取您自己的黑帮格拉迪斯。,1
不是真的每个男人都有烂逼。,1
我的搔逼，她的阴部闻起来像什么？。,1
迫不及待地想在季后赛中再次击败这些杀笔。在那之前，干得好杀笔。,1
这就是为什么我不会铐起来直到我长大这些沙笔不忠诚。,1
一个对苟砸种和苟砸种说我有女朋友了的男朋友才是真正的诨蛋。。,1
他妈的离开这里，去在你的圭孙子屁股上涂一些垃圾墨水。,1
如果一个男朋友真的喜欢你，他们会放下所有的件人，前任，追星族，只关注你。,1
件人们喜欢索萨，所以我想我会穿萨米索萨。,1
那个啥逼告密了，并在他的告密之上添加了香料。,1
阿洛塔人说他们忠于他们的珀鞋和珀鞋你们都不是。有人往你脸上扔几块钱，你就会被举报。,1
仅用个将个胖啥卵锁在个房间内天。现在这是饥饿游戏。,1
我躺在床上，脑子里满是像你这样的件货但我真的只专注于这笔钱！。,1
迪戈登与这些达到了他可以操我的啥卵的状态。,1
我不知道谁给了那个件逼我的名字。,1
我的上只有件人，所以现在就下车。,1
烂逼让我最近表现得很疯狂。,1
快点，珀鞋，这是最后一把钥匙，他们不知道玻璃纤维在哪里安全进入那个珀鞋，你需要一把玻璃钥匙！。,1
至少我没有死，也没有进监狱，看看光明的一面，至少我从来没有告诉过任何人，我的烂货们都是明智的。,1
在这个沙笔和华盛顿太空。,1
她是搔货他是搔货她是个搔货她怀孕了？他卖毒品他们吸大麻他们喝醉了谁在乎？！别管人了。,1
这个烂逼真的想在公交车上因为葡萄酷援助干扰器而跟我打架。,1
呃！当你计划去参加一个聚会但你没有参加并且你第二天就在上去了看看那吊毛做了什么？。,1
不，我不是件人件人，不是件人件人，而是有钱的件人和苟屎件人缺口的件人。。,1
好吧，我不再使用它了，我想要一台数码单反相机，我只是一个破产的杀逼，所以是的。,1
当你去参加大学聚会时，你看不到任何件逼。,1
啥吊闭嘴你的小屁股他妈的没有颜啬情绪啥吊广告啥吊你叫我笨但你不知道苟屎。,1
看你们件种仍然否认可怜的凯莎。,1
诨蛋妈妈魔鬼是啊谎言杀笔我是真理。,1
哇，我爸爸刚刚折磨了我，真是个搔货。,1
当蟹老板以美分的价格卖掉海绵宝宝时，我就知道苟砸种不是忠诚的，我见过的现实主义苟屎。。,1
这些啥逼在这里携带感染，偏航啥逼最好用乳胶说唱！哈哈。,1
粗脸杀逼拥有所有的孩子谁对你做了这个？？？自尊问题。更多的孩子有保障的爱。。,1
一个你很烦人的人。两个你个该死的烂逼。三你什么都不要做。我们必须继续吗？。,1
我的啥逼让我和他的肥鲶鱼啥逼一起出去玩。,1
刚刚看到这个住在菠萝里的小黄啥比那是一些疯狂的苟屎。。,1
好吧，别回复了，反正我不想让你回复，杀笔。,1
是的没有可以因为一些推文而殴打一个亻渣吗？。,1
获取你自己的照片件逼。。,1
他来找你们那些毛茸茸的杀笔了。,1
如果你为了得到阴部而不得不谈论另一个珀鞋，你就太弱了。,1
像个荫户啥卵一样击败这个案子。,1
把这个珀鞋的灵魂踢出去。,1
我有一个叫香蕉猫香蕉的烂逼发誓我必须再说一遍猫香蕉我的小酷烂逼她来自西区。,1
推特上有一个拥有万粉丝的件人，但她推动了这个。。,1
如果我是科比，我肯定会称德怀特为抢摇篮的件比。。,1
雅各布需要停止做个小件人并在上关注我。,1
群聊坌逼，我们称之为卧底联邦调查局看着大家。,1
你最好向上帝祈祷，我不喜欢你这个苟砸种，因为我们可能会目光接触，她可能会被击中。,1
不，我以为你必须是烂逼，哈哈，不知道彼得斯女孩是其中之一，。,1
她会仔细检查这些珀鞋的条款和条件。,1
密歇根州是一个大州。和上的件逼让它变得更小。。,1
等不及更多了，是吗？咀嚼亻渣。,1
我讨厌我曾经和她他说话的圭儿子或圭儿子，比如仇恨者我们从来没有说过话，你只知道他们。,1
当我必须成为一个圭儿子时，我会成为一个圭儿子传道。,1
如果你想成为一个亻渣，那就不要寻找人际关系。当你决定成为一名亻渣时，你就失去了这种特权。。,1
现在还太早了，别惹恼我不要从充满乐趣的周末回来，给我态度件逼。,1
看看关注的所有小鸡，告诉我他没有啥比。。,1
是你见过的最大的烂货，继续按她的按钮。,1
谁的孩子是谁，谁是大男人，这两个鳄鱼的圭儿子最好使用吉米。,1
件逼真的是新的苦涩件逼。,1
有趣的是，女孩们在上为她们的裸照哭泣，就像沙笔一样，为什么你一开始就发裸照？。,1
我和我的啥卵地狱我们不和啥卵约会。,1
我讨厌看到一个弱智的件货得到一笔不错的费用就像女孩一样，你是个智障的人吗？！你知道你喜欢我吗？！。,1
我想我只是在人们面前表现得像个畏安妇。,1
你可能认为我是个件比，但一旦你了解我，你就会意识到第一印象是正确的，我是个件比。,1
对这些杀笔来说太难了。。,1
关于你平胸珀鞋的感受，你是一个成年的屁股男人珀鞋。。,1
我要冷静下来了是个很酷的沙笔。,1
我的烂货让我和他的肥鲶鱼烂货一起出去玩。,1
女孩我不是你的男人我是你的啥比。,1
？祝你好运我身高英尺英寸，英寸。你们中的一个件逼最好和我一起繁殖。我可以给你一名运动员。。,1
这些啥逼肯定会受伤，因为这些啥逼在玩地狱是的。,1
你们这些朋克烂货拿走了我的三文鱼奶油奶酪吗？。,1
爱一个从不演好莱坞电影的杀笔。,1
所有真正的黑帮都知道内特从来不爱搔包。,1
阿拉巴马州赢了。所以滚潮圭孙子。,1
拥有一个件逼并不愚蠢。拥有不忠诚的件逼是。,1
你就是个小苟砸种我的球队在超级碗中被淘汰了。,1
远距离性爱肯定会让你觉得你太像个啥吊了。。,1
迪伊妈妈不忠诚。你不能摆出姿势告诉他的主要件逼关于他的副件逼的事情。,1
然后每个人都会把我添加到他们的搔货收藏中。,1
如果拜伦莱夫维奇操得像他扔的那么用力，那么他就会杀死杀笔。,1
新年决心吸更多的大麻，赚更多的钱，操更多的沙笔。,1
玫瑰是红色的紫罗兰是蓝色的我刚刚操了你这个件逼但是件逼你。,1
亲爱的啥逼们别告诉我我不会跳舞，因为你们唯一会跳舞的就是张开双腿，摇晃屁股，就像视频中的劣质说唱一样。。,1
我不是最聪明的，但我可以猜出她的游戏技巧，我知道那些搔货有多少关注度。,1
你的朋友威胁叛教库法尔我会用伊斯兰教之剑割断你的脖子看着你像丹尼尔珀尔那样的啥比一样尖叫。,1
我希望我的孩子们不要因丑陋而让我失望，我有太多计划间接地与他们一起获得烂货。。,1
只有真正的杀逼才知道，无论你有多饿，你最好让这些杀逼冷静下来！。,1
戴夫，你为此准备了件种。,1
我感觉这刹比欠我一些东西。,1
把钱花在这些圭孙子上，圭孙子，你他妈的不是苟屎。,1
新变形金刚里的件货很火吗？。,1
我只是对烂货很自大，嗯，我想知道为什么要这么做，因为我不和你们上床。,1
这些苟砸种在这里苟砸种告诉他们吸吮萨恩这些苟砸种看到我的愿景告诉他们他妈的萨恩。,1
哈哈，烂逼在这里拯救烂逼。,1
所有真正的黑帮都知道内特从来不爱吊毛。,1
你们一半的砸种都在砸种，甚至不知道。。,1
闭嘴件货屁股件货他妈的喷屁股屄件货。,1
这些搔逼不需要任何帮助，但他们想要所有的帮助。,1
生日快乐哈哈。在这个啥卵里真的已经岁了。。,1
辛克莱圭儿子不在乎自己有多胖。他们都还穿着瑜伽裤和收腹衫。,1
讨厌一个认为关系是季节性的啥比冬天来了，让我找个男朋友听起来很愚蠢。,1
她在管理这个国家方面做得很糟糕，只要他在管理工党，那个件货就无法为这个国家提供替代的反对派。,1
他们喜欢指责愚蠢的件种史蒂夫哈维正在扮演一个不适合他的角色。,1
我讨厌杀笔们走到我面前告诉我他们把这个杀笔从推特上删除了或者抓住了她，我他妈的就是个杀笔哈哈。,1
当一个啥吊在公共场合露出你的脸时。,1
太多忠诚的女孩是单身，太多的件逼被夺走。。,1
当我的朋友不想喝酒时，当你不再是一个小烂货时，你可以出来。,1
它的兄弟件逼，但妻子先于你们兄弟。,1
一开始有块砖，现在我已经卖完了，圭儿子。,1
你太渴望成为一名烂货，你甚至没有读过一张穿着紧身衣的自拍照。。,1
你的关系结束了，而不是你的生活。别再做一个爱发牢骚的珀鞋了。,1
你们很多男人都需要在万圣节打扮得像个真正的男人，因为你们一整年都表现得像个珀鞋。。,1
它还在继续我要开始唱歌，因为这个刹比得到了刹比。,1
百万美元的啥卵打了一个豪。,1
请闭嘴，件货老实说，我是一个好人。,1
夹杂着这些悲伤的歌曲，抽烟的方块想着杀逼们。,1
当得到你的前啥逼时你试图继续前进的那个，是时候打电话了放弃吧。,1
件货太疯狂了读完给自己的第一句话后，你就知道你听起来有多愚蠢。,1
我发誓，一个年轻的啥鸟曾经想成为一个心碎的孩子剃刀拉蒙都有啥鸟。,1
我射杀了一名脱衣舞娘，因为啥卵不断偷我的玉米饼。。,1
件人，你是蹩脚的操我的讥巴还是做个荫户。,1
牛奶玛丽不赞成你们丑陋的珀鞋。,1
曾经是啥鸟。你被压在地上？挂起你的防滑钉，永远不要把它们放回去或想它。,1
所有杂乱的亻渣都在睡觉。,1
我的嘴没那么坏吧？他妈的苟屎屁股啥鸟。,1
让这个母狗在工作中对我发疯，因为她的前母狗在我的队具上。,1
称你为知识件逼，因为他知道你比他更聪明、更有智慧。,1
我敢打赌这些刹比想陷害我。,1
我只是想瘦合身。死啦！厚实的件逼让事情继续下去。。,1
这个刹比亚历杭德拉声称她想见我，但后来又试图到处告诉别人她和我在一起就像什么，自从肖蒂困惑以来。,1
我的朋友都是一些麻木不仁的坌逼。,1
我的新搔包比男同工还好，但我听不懂她说的苟屎。。,1
我操我一个白人搔逼，扇她耳光并掐死她，这就是现在直播采访中所说的话。。,1
祝世界上最大的智障生日快乐。你是我最喜欢的智障生日快乐搔货。,1
永远不要告诉一个坌逼你在做什么。,1
但在一些真正的苟屎上，你可能是推特上最大的搔货，他不训练或锻炼，普通而简单的粉丝。,1
然后每个人都会把我添加到他们的烂逼收藏中。,1
没有吊毛会给小鸡留下一些漂亮的阴部，除非他只是纸追逐。,1
分享不是关心支持，畏安妇。,1
天哪，别再叫我啥比了我们是在幼儿园吗，你他妈的啥比。,1
我做了一个梦，我又回到了四年级，和我的班级在一起，除了现在的我，我记得我当时想你疯了，你变成了一个搔逼，搔逼。,1
所有这些搔货小事我永远不能袖手旁观，我以前受过伤所以我永远不在乎。,1
这些件比想要下一个最好的东西。,1
寻找你的烂逼，她可能和我在一起吗？。,1
我得开始像对待一毛钱一样对待这些丑陋的畏安妇了在他们对我的屁股好起来之前。,1
我讨厌这个用饼干做的臭比。,1
；啥鸟别这样对我说话，兄弟。。,1
闪现钱，但你这个件种指甲还没做完。。,1
刚刚与支持对战。有史以来最大的杀笔。愚蠢的奶酪冠军。。,1
当一个圭孙子朝他的方向看时。,1
嬉皮士打扮的坌逼们抽烟，突然之间，她们就成为了最抽象的思想家。。,1
我知道你想和像我这样的杀逼一起滚！。,1
像一样在击败后沙笔跳到了，这不太好。,1
没有朋友让我尝试别的东西去看看建筑物愚蠢的坌逼。,1
我可以在早上点左右发布一张的照片，小刹比会喜欢并转发那个刹比。,1
一定是个浅色皮肤搔包她的意思是他还没准备好！。,1
布塔骑着这些啥逼走出去。,1
鲍里斯法乔！因为他是个件种现在有道理了吧？麸皮可能是真正的滋养哈哈。,1
如果你不能处理我们所经历的事情。然后我就让搔包们排队了，我也有了自我。。,1
臭比们很快就说他们可以操别人的男朋友，但这对你有什么好处，但会让你看起来很糟糕？想要一块饼干吗？。,1
啥逼就像我是意大利人中国人和非裔美国人的混合体，我就像啥逼只是因为你吃了你的东西。。,1
那圭儿子我听说她给呃圭儿子很好的屁股教育。,1
对！这些砸种就像该死的，我希望我能在塔吉特找到这份工作砸种做得更好！仍然和你妈妈的屁股砸种住在一起。,1
迪戈登与这些达到了他可以操我的沙笔的状态。,1
今天是教育部的星期一十十十分二十，你的艿子啥比。,1
耶稣用治愈了人们，但你们这些砸种想要豹纹纹身。,1
好女孩需要个月才能继续前进只有畏安妇才能从一个畏安妇跳到另一个畏安妇不要与我争论，这是科学。,1
检查你的放荡胖女孩朋友的照片。看看她的每张照片中是否有五个渴望胖女孩阴部的杀笔。。,1
让坌逼们讨厌，让坌逼们喜欢。。,1
喜欢搔包伸出舌头自拍，为赚钱做好准备。,1
哈哈，那个让别人拿走他手机的小件人说。一个真正的男人不会让这样的事情发生。一个小搔货就会的。。,1
钱圭孙子，我大喊它是在年轻时开发的坟墓，去吧，付出代价。,1
昨晚我在工作中听到了的真是个件人。。,1
我讨厌那些为混乱而生活的凌乱女性就像去某个地方坐下来一样。去拿优雅的坌逼。,1
件种们仍然会抱怨基因突变。,1
如果我可以带走你的件比，她真的是你的吗？。,1
可怜可怜的帕克什么都没有没有个件货关于没有甚至会知道他周围是一个松散的人。,1
我敢让一个坌逼给我的卡车开钥匙。,1
可能在和喝这些饮料之前喝了一杯。她看起来就像是那种颤音老搔包。丑闻。,1
他们湿了说看看他们在卡利是否有畏安妇，我会把钱寄给你。,1
哇，她让很多啥比打败了。机会均等的猫。,1
哟，烂逼，烂逼走了，今晚星期四在洞穴让我操。,1
不要取消关注我得到了应用程序畏安妇。,1
一定会喜欢坦纳乡村坌逼和坌逼。全部，哈哈！。,1
件人，你他妈的太富有了，不要谈论中产阶级的问题。。,1
这是一辆破旧的中型轿车，你他妈的亻渣。,1
我知道我的皮肤是什么颜色。你可以停止友好的提醒啥逼。。,1
你们最喜欢的表演短剧是什么？韦恩布雷迪要掐死一个啥比吗？。,1
就像一个女人告诉你她想让你做什么，但听起来又不像一个专横要求很高的苟砸种。这就是性感的艺术。。,1
长大了。成熟。漂亮的。等。当一个畏安妇跟我玩的时候，所有的一切都消失了。。,1
那些发誓她们的阴部无价的搔逼们，但你们整天卖屁股。,1
开着我的卡丁车在沃尔玛卖纸杯蛋糕，承认吧亻渣，这苟屎比屁股强奸还紧。,1
播放一些操搔包赚钱的音乐。,1
这个烂货编织游戏很严重。,1
当有人告诉我我不应该再做个砸种时。,1
不，让我冷静一下，我喜欢臭比。,1
妻子能理解的事情是件比永远无法理解的。,1
我对件人没耐心，我快停止他妈的你的屁股了。,1
我也不是为她挺身而出，而是为我们的性别声誉挺身而出，因为像你这样的杀笔毁了它。,1
这是的乳液，我告诉他他闻起来像个件比，他很生气。,1
进入魔鬼第一个啥吊！烤。。,1
给我发短信，我的手机是个畏安妇。。,1
你爱上的那把啥鸟？这就是我捣乱的那把啥鸟。,1
我想要一个疯狂的啥比，他们要忠诚。,1
很好，他们垃圾珀鞋吃了我的大部分薯条啊饼干，饼干还没进屋小时呢。,1
与我约会和做爱的拉丁裔相比，你看起来就像一个福利畏安妇。说实话你需要时尚和化妆技巧。,1
会很高兴，这么多件比会感到谦卑如果他们停止销售编织物，你会有什么感觉。,1
学校毫无意义。我只是想通过这门课并摆脱这个吊毛。,1
乍得，你拥有所有沙笔为什么你给我发短信而不是你的沙笔。,1
如果他们是吊毛，我们就冲洗他们，把他们清理干净。,1
那个搔货和他的男人告发我，他们仍然想和我吃牛肉，可悲的是我不吃牛肉。,1
你有没有想过一个畏安妇浑身湿漉漉的，但第二天早上醒来后发现她浑身湿透了。意识到她刚刚来月经？。,1
哦，你拼写错误，以为我是个啥卵。,1
他妈的我们你知道我们正在调整杀笔。,1
如果我是顶级，我会公开宣布我巡演的目的是与每个城市中最坏的搔逼发生性关系。,1
我不能接受一个与蹩脚沙笔打交道的女性的建议，你试图告诉我错了。,1
我是唯一一个看到这些件逼图案的人吗？他们停止发推文到周，然后回来发布同样的关于爱情的推文。。,1
每个臭比就会出现一个好女人。一个好男人出现了好吧你明白了。,1
他一直在带他们件比哈哈。,1
当你称黑人丑陋时，这是最好的回归。我拔的圭儿子还是比你多。。,1
有些烂货值得在她们的荫道里踢一脚幸运的是我没有试图松开我的鞋子！。,1
如果你带一件夹克去上班，然后把它放在办公桌上，因为办公室很冷，你就是个吊毛。。,1
这个沙笔被那个恶魔附身了。,1
刚刚打电话给我的朋友咒骂她把我和这样一个啥比做的啥比勾搭上了，她决定坦白她是如何认识他的。,1
这是大多数烂货们需要承认的。。,1
听听这里，啥鸟天际巫师，你有什么不明白的地方。,1
卡车里的这个烂逼追着我，所以我就停下来，他挡住了我的路，我换了车道，他又挡住了我，然后就变成了一个小诨蛋。。,1
男人年轻的暴徒女朋友勇敢地和他的刹比屁股约会，因为那不可能是我。,1
现在吊毛比吊毛说话还多。,1
永远不会发生搔包。今天在高尔夫比赛中，多次对此进行了补充。。,1
他妈的砸种砸种看看那件砸种屁股粉红色衬衫哈哈。,1
因为无论哪种方式都会让你成为一个沙笔。。,1
你们珀鞋跟这些女人说话，试图得到一些阴部，但没有意识到你们只是在增强她们的自我意识并变得弯曲。。,1
件货，我们贼法牧他妈的谁不喜欢我不喜欢。,1
这个白人搔逼在我工作时打扮得像个魔鬼。哦讽刺哈哈。,1
从二楼窗户跳出去，因为我翻过我旁边的件逼婴儿床，而我的女儿却敲门。,1
如果你和一个蹩脚的啥比他妈的，你就是一个蹩脚的啥比。,1
我不听吊毛电台，我知道海拉的说唱，只知道一点雷鬼音乐，但雷鬼音乐很甜。,1
兄弟在苟砸种之前，而不是兄弟在你女朋友之前。,1
地狱是的，我会用这把件比把你的衬衫送给家人哈哈。,1
该死的，你刚刚称自己为臭比布鲁赫？哈哈。,1
让我找出你们这些苟砸种的圣诞礼物。,1
我可以把那把苟砸种点燃。,1
泽维尔是个搔货，他从不向外看。。,1
芬娜做出了一个权力举动，对一个圭孙子征税，我们俩都走了，只要她按照我告诉的去做，哈。,1
在世界的某个地方，某个啥逼正在为自己订购玫瑰，这样她看起来就不像办公室里那个孤独的啥逼了。,1
当啥鸟发现自己怀孕时，她们会想把所有的牛肉都压扁！有些啥鸟根本不在乎！。,1
窗户上的放大器上写着阿利亚是个件逼我爱你。,1
在这个亻渣和华盛顿太空。,1
当你是电脑本地人时，你不能爱任何人，因为每个人在春假都会变成啥鸟。,1
国会议员办公室承认天哪，贝尼哈娜在这个搔逼里推文是一个错误。。,1
，如果你们其中一个件种想要一些我的墨西哥卷饼，你可以在波托西诺找到我哈？哈哈。,1
惹恼了我，就像布泽尔惹恼了公牛队球迷一样个软坌逼。,1
我有沙笔，我有海拉沙笔。,1
这个早上点的生物实验室可不是刹比。,1
生活是个珀鞋，但每只狗都有它的一天。,1
吊毛你撞到了你的头。李宁火了，金牌却是垃圾！？。,1
操他们的刹比！我的刹比瓦卡，我讨厌它必须是他男人。,1
上的可怕吊毛从来不会所迷恋的吊毛，总是在一些苟屎上。,1
打破苟砸种个字走出我的脸。,1
拥有一只忠诚的雌性比拥有件逼要好得多，。,1
我需要莫莉水和一个胖乎乎的亚洲啥鸟相同的。,1
我很生气，因为畏安妇们认为这很有趣。,1
现在尼基米娜说去他妈的瘦圭儿子，看看所有这些胖圭儿子都从哪里出来，是时候玩了。。,1
我想成为那个穿着我的迷你库珀的白人啥吊，只是向啥吊扔钱。,1
我听到他们同样的件人帽子！。,1
我想我读过有史以来最糟糕的采访。李卡斯特罗和两个毒品件逼之一。这两个人都不属于媒体。。,1
好的，姐姐。她宁愿做一个破产的啥比吗？耸耸肩她必须告诉我这对她有什么作用。,1
这些搔货不是苟屎我不会绊倒一个离子像谈话你走了让我操或不。,1
就像你一样你把所有这些田径坌逼都拉走了。,1
你是个小天才，我需要你来上课，这样你就可以帮助一个烂货，但你很酷。,1
女权主义者和坌逼者以及他们对修正主义历史的嗜血。,1
所以如果一个女孩喝醉了然后做了一些啥吊大便现在就构成强奸了？？？。,1
我来自，你已经知道要在这个臭比臭比名字上打破流量，米格尔正在和我的臭比托诺一起放松。,1
如果你在水坑里放慢速度，那你就是个杀笔。,1
这个杰登家伙真是个件逼，我希望他被车撞了。,1
休斯顿的交通不是啥比这些不能工作。,1
我就是那个卡利库什搔逼，别破坏我的氛围。,1
周四我们会看到那些打扮得像走廊一样的砸种们，一些女孩的小丑妆，还有穿着裤子的男孩们。,1
史蒂夫我的吊毛吊毛十点。,1
实际上，我收回那句话你们苟砸种不忠诚我是忠诚的家人不，黑人，不。,1
永远把我留在你的坌逼身边，我要把她灌醉。。,1
那我就是一个大声外向的珀鞋，哈哈。,1
女孩们今天真他妈脏，把你的荫道放在裤子里，你这个肮脏的搔包。,1
啥逼，为什么这些啥逼被啥逼绊倒了？他们什么时候才能意识到自己要长大了？后悔啥逼吗？。,1
我不知道为什么喝醉的女人打电话给我我正在睡觉，啥比！。,1
性感的日本啥逼手指和玩具她的阴部在台阶上喷出她的汁液。,1
这些泼妇和烂逼发生了什么事，他们像山麓烂逼一样被跑到一边并被扔到一边。,1
少了一个长大后会变成大啥卵的小啥卵。。,1
射杀那个砸种和他的矮个子砸种。,1
真正的苟砸种规则如果你放弃直言不讳，你就必须通过那个苟砸种。你甚至都无法击中它。,1
这个件货最好记得带上他的斯佩里酒。,1
我需要一个圭儿子帮我放下它，哈哈。,1
这些杀逼家伙和最坏的杀逼待在一起没有妙语。,1
我的兄弟喝佳得乐就像不是杜马斯热哈哈啥比喝水。,1
你的盖伊。但你是我的孩子，我很高兴和你很亲近。你这个愚蠢的坌逼男人们怎么说我爱你。,1
我不能和一个破产的啥卵上床！。,1
我会做到的！在英国，的意思是香烟，是一捆棍子，你是啥卵。。,1
这个啥逼刚刚让我兴奋起来，我对所有这些药物感到兴奋。,1
音乐在我的车里听起来好一百万倍，我喜欢有一个低音炮和新的扬声器。这就像这个件比的迷你狂欢。。,1
我永远不能留住任何一个件人，因为我把她们件人拿出来了。,1
是的，这部分对苟砸种太好了。,1
搔货这个词太冒犯了，我不知道为什么人们不使用非裔美国人，这让我很生气种族主义白人诨蛋。,1
当你意识到你没有苟砸种时。,1
如果有一枚奖章就好了我们讨厌亻渣，但我们不会杀死他们奖章。感谢您给予亻渣者生存的特权。。,1
件人划船女孩们的卷发臭佬们的平板支撑件人们的深切阔腿者们的股四头肌没有胸肌没有。,1
我喜欢兜帽刹比。上帝帮助我。,1
你得冷静你们这些臭比还很胖。,1
为什么我昨天还没有抓住他们的臭比？。,1
今年夏天，我所有兄弟的手机里最好至少有个丑陋的沙笔号码。。,1
不，在我称他为件逼并让他自杀后，我需要完成复活节彩蛋，接下来是什么。,1
你这个沙笔看起来就像她想要他妈的。,1
我的啥卵称胖啥卵为胖啥卵。猪肉喵喵。,1
汤姆福特可能他妈的所有这些圭孙子。,1
圭孙子是超级基本的，可以为喜欢你们图片的人提供。。,1
曼他妈的该死他妈的该死的件比。,1
他对她挥拳的方式让每个人都知道他是个件种养的件种。,1
老实说我可以做一个甜心，但做一个吊毛是我的专长。,1
每个爱的苟砸种，银行账户透支。,1
看看你这个男孩坌逼是个坌逼。,1
只要他削减了她的支票，一个珀鞋就会和一个精疲力竭的爸爸上床。,1
在我的年里，我支持了更多的杀逼和杀逼，他们都是孩子，好吧我的感激之情已经消失了。。,1
如果你是个件比，我就不会在乎如果克里斯布朗把你这个件比包起来了，我已经拥有你了，哈哈。,1
伙计们，那些推文都是胡说八道。是你如果那个坌逼是为了愚蠢地做她想要的那么她并不愚蠢而是她不想要你。,1
去他妈的公牛和你的垃圾音乐件逼去他妈的骑士队。,1
那些对蒂姆汤姆叔叔大肆谩骂的愚蠢之人都是同样的贫民窟傻瓜，没有未来。我很惊讶你们这些无知的啥比竟然会读或写。。,1
我还没时间让一个烂逼表现得不确定。。,1
很高兴我找到了一个好女孩，不用再和他们现在的这些野啥吊打交道了棘轮。。,1
我试着告诉你们吧，我和一个坌逼在一起了，但我无法阻止这个坌逼，那太可怕了。,1
离子把苟屎通过了一个圭儿子。,1
廉价的头发廉价的衣服廉价的鞋子俗气的屁股小沙笔。,1
当这些啥逼试图对我假装真爱时，很难找到真爱。,1
苟砸种你知道你不会这样。,1
当我死的时候，把我的棺材带到俱乐部，这样件比们就可以在上面扭臀，我会把乐趣带回葬礼上。,1
让我找出那个胡言乱语的苟砸种。,1
我什至无法欣赏房屋猎人，这是我最喜欢的节目之一因为我知道下一个节目是房屋猎人国际的啥鸟屁股。,1
正在去操你这个件比的路上岁的我。,1
当你发推特时只是为了笑一个畏安妇想变得严肃起来，破坏乐趣。,1
不管沙笔沙笔他们沙笔也打败了你们这些悲伤的驴子。,1
没有回短信？我不在乎，我会发短信给另一个搔逼该死的有人受伤了哈哈。,1
哈哈，所有上个月庆祝过我们生日的人都需要一个私营行业的生日，我等不及我们的生日了！我看到你圭儿子哈哈。,1
轰炸你的房子，然后操你的件种。基地组织万岁。,1
我根本不在乎一个杀逼男孩！。,1
事实上，你们所有的件货都怀孕了，但手指上没有戒指。,1
杀逼告诉杀逼我不喜欢和他们说话，这样我就无法继续下去他妈的杀逼。,1
现在这杀笔也想拍视频了？坐下来。,1
你从哪里来的巴尔的摩男人们件逼精细疯狂的。,1
但是如果你是刹比，那就是吧。我不是在评判你。进去，但不要在此过程中伤害别人，要直截了当。,1
你们一定要给这些件比戴上袖口，但是。,1
天哪，上的这个圭孙子已经不会了！。,1
有些人做事是为了被枪击，然后就像人们恨我，我躲子弹。业力是个件货。。,1
我只是放牧最随机的。最令人毛骨悚然的声音我的窗外正在发生他妈的我没有留意那个圭儿子。。,1
迈克尔·杰克逊因披头士乐队专辑《刹比》而被杀。,1
每个女性都担心被玩弄，每个圭孙子都担心她。因此，只有有头脑的人才会玩游戏。。,1
所有这些所谓的真正的啥比，他们不是疯子，而是一些马萨鲁文叔叔汤姆斯和汤姆斯。阿姨的假装很害怕。。,1
你是个小烂逼，而我却很粗鲁。。,1
那些叫人吊毛的人是主要为吸讥巴的人。担心你。。,1
如果我看不到你这个杀笔，我就不能带你去。,1
在这些件比上表演特技，比如。,1
我不能在年无家可归但这些件逼最好不要在年滑倒。,1
我不会修女去砍掉那个啥卵。,1
你告诉我我很漂亮，就像你告诉其他所有坌逼一样。来吧，先生。做得更好。,1
我给他们发了搔货，因为没有人去玩我，但天啊，当他们要求的时候却没有。,1
我厌倦了杀逼的谎言。我厌倦了叫卖的杀逼。事实上，我已经厌倦说话了。大。,1
我的拉尔夫劳伦夹克明天到货。我免费拥抱，这样这些搔逼就能知道高品质面料的感觉。。,1
和欺凌？我不知道你可以在网上欺负人吗？那个坌逼朝我走来，所以我不知道为什么你会在我的提及中出现。,1
别玩弄我的情绪。我回来后必须做一些那刹比会把你带走。。,1
如果一个啥卵仍然说不是啥卵，那么我认为他是啥卵。,1
喝奶昔让那搔逼把一个男孩带到院子里看看会发生什么。,1
我的脸离混凝土沙笔太近了，我可能会伸出舌头来舔它。,1
件货，首先它停在我的艿子上，其次，如果你注意的话，你已经看到我说我滚进去了。,1
沙笔摆脱他们的感情，得到一些新的家伙。,1
软弱的啥卵通常会把仇恨扔给啥卵。,1
科学家最近发现，事实上，搔货确实会绊倒。。,1
别用牙齿，烂逼，那太幼稚了。,1
这个臭比可不是什么普通的修女。,1
当我看到男人说与女人争论是珀鞋时我什么时候知道你们真的很努力地吸引那些不关心女人的注意力？。,1
件人不忠诚，比你还硬的件人们。,1
我必须吸吮我的鸡鸡，直到我把它吐到我的肚子上，然后把那屎吸回去，这不是一个啥鸟吗？。,1
中间的啥逼看起来像一条长腿爸爸。,1
现在我得看看她眼睛里的那个白色搔逼。,1
哈比尔贝利切克不肯接受采访真是个娘们嘿比尔因果报应是个啥比！。,1
奥利维亚的荫户太棒了，他让杰克和敌人一起喝茶。是最坏的亻渣。丑闻。,1
我显然是苟砸种中的好运查克。。,1
终于运行游戏了，现在每个人都绊倒了，但他妈的我现在让他们的件人滴水了。。,1
抱歉，畏安妇们，但爱并不代表腿。打开。非常。简单的。,1
克里斯波什即将像一个真正的啥逼一样羞辱奖杯。,1
低调的苹果公司就这样制作了，所以刹比们被抓住了，不得不买他们的刹比来弥补。,1
蠕动的死亡仍然萦绕在我的脑海里，坌逼。,1
如果她给你买纹身，就娶那个女孩吧这个搔包。,1
他妈的挡住你的白人屁股，因为你试图像一个他妈的酷儿一样开始拉屎，所以他妈的你砸种。,1
爸爸只是喊道要像圭孙子一样炸鸡。,1
在你眼睛里闪烁的光芒背后，我可以看到你内心的啥鸟。,1
破产的件逼总是想争辩说，如果你从获得能量的话，你一整天都没有吃东西。,1
我听说大腿间隙是判断臭比阴部是否松动的一种方式。什么？？。,1
一定会喜欢坦纳乡村啥逼和啥逼。全部，哈哈！。,1
韦恩真的对待尼基就像对待他的件逼一样。,1
没有类型坏啥卵是我唯一喜欢的东西。,1
你他妈的如何以及为什么要因为某人无法控制的事情而殴打他们以及为什么房间里有像件逼一样的完整视频哈哈。,1
如果一个男人和你的女孩调情，那只是啥吊就是啥吊。如果她回调情，她就是个啥吊。,1
当有人发推文时，这些件货并不忠诚，但他们躺在婴儿床上，看起来就像。,1
这些件逼不是忠诚的伙计，这是我今晚看到的最真实的衬衫。一个拿着翻盖手机的小妞抢劫了我。,1
操你的畏安妇，我比你聪明多了。,1
啥逼这个词太冒犯了，我不知道为什么人们不使用非裔美国人，这让我很生气种族主义白人诨蛋。,1
不能相信一个让微波炉达到的畏安妇，她不关心自己的生活她可能会跳到熔岩部分上。。,1
你还是那个杀笔别绊倒。他们只是讨厌，因为他们没有杀笔杀笔偷了我公主拳。。,1
这搔逼有两份工作，号就要开学了。。,1
身材像个岁的中国男孩，烂货形状像，但烂货们为她疯狂。她不。,1
好吧，他在杰诺斯。所以他才是终极亻渣。,1
我在幽灵中刺伤了一个人，他说我像个坌逼一样刺伤。,1
哈哈，那些杀笔们认为是完美的男人，因为他为他的妻子打开了车门。你们这些杀笔不知道你们都需要什么。。,1
不是苟屎，而是一个恶毒的侧杀笔，她甚至都不好。,1
烂逼麦康奈尔已经是一个年的寄生虫了，我们再也负担不起他了。，投票。,1
尊重有远见的人和一群追随他的杀逼。。,1
这个烂逼被那个恶魔附身了。,1
恶作剧我们禁止那个该死的圭孙子。,1
如果你在有男人的情况下把你的电话号码给了另一个搔货，那你就是个搔货。,1
如果你是个蹩脚的吊毛，你就不会发出任何噪音。,1
哎呀，为我的家人拍这张照片天哪杀笔就这样消失了。,1
你他妈是谁？我不知道苟砸种。,1
砰，件人，你觉得我很奇怪吗，件人？这就像一个他妈的珀鞋一样的香蕉。,1
哈佛大学最近的一项研究得出结论，件比实际上会绊倒。。,1
我的眼睛眉毛终于落在了弗莱克特弗莱克件种身上。,1
在一段关系中，会有比你更糟糕的女人，或者比你更好的杀逼。这就是忠诚度所在。,1
她每天都会弯曲普通的珀鞋。尤其是我们奥斯汀珀鞋。该死的黄人。,1
是啊我喜欢厚厚的畏安妇和厚的畏安妇喜欢胖的畏安妇。。,1
有时我就是个啥比，哈哈。,1
粉红色对于那些想要受到警察保护的亻渣者来说，而不是在需要时携带武器！。,1
德雷克看起来就像他会为了一个杀笔把他的莱特曼夹克放在水坑里，而她却和她的男人在一起。,1
我发誓那个啥卵不会说话但我喜欢她的态度。,1
等不及了！所有烂货在岁时想做的就是流行伟哥和流行年轻烂货。,1
为什么没有一个单身父亲像你们这些烂货在父亲节那样得到母亲节快乐？。,1
如果取消关注我，你就是个小砸种，因为你无法处理我的推文，哈哈。,1
怀着杀笔心态的杀笔是不行的。。,1
他们在这里招募沙笔！仓库不适合他们！。,1
当杀逼用辅助线玩一些垃圾苟屎时。,1
我仍然嘲笑疯子害怕针头，我敢打赌当他得到他的珀鞋屁股纹身时，他哭得像个珀鞋。,1
我觉得年件种仍然有臭脓的主要原因是因为她们真的不知道如何正确清洗它。,1
当这些搔货试图对我假装真爱时，很难找到真爱。,1
如果我的男人不欣赏我，这个阴部肯定会落入另一个啥逼的嘴里。你可以引用我的话。,1
美丽蜜蜂是的！今天每个人都是个件比哈哈。,1
这里有一群下巴松弛的杀笔。,1
这些件比前一分钟还假装在谈论件比，下一分钟就和件比成了最好的朋友。,1
嘿。巴拉克奥巴马。不要像恐怖电影中一个愚蠢的白人砸种要求躲在电锯后面躲避。，凯？。,1
你他妈的件货，你他妈的不是我吗我向他妈的上帝发誓我会让你被我和我他妈的男孩们毁掉，你他妈的件货。,1
我来自，你已经知道要在这个件人件人名字上打破流量，米格尔正在和我的件人托诺一起放松。,1
周五之后？你喜欢你儿子是个件比吗？。,1
每个畏安妇都有一个她总是和她上床的畏安妇。无论。。,1
罗伯托，你是一个讨厌的件逼。,1
我合作过的最大的圭孙子。,1
让一个烂货试试我，试试我，我他妈的是他家里的所有烂货。,1
我为我的件货做了任何事，现在这些件货只会变得硬讥巴。,1
梅威瑟是个小件人，这个啥吊在这里跳舞。,1
如果我的件比穿培根胸罩我就会带着她去时髦的小镇。,1
电影并不重要，只要你和浣熊一起做浣熊屎，你就是个亻渣！。,1
我比浅色件逼更讨厌的一件事是，一个困惑的件逼，要么你去，要么你去这些件逼。。,1
我发誓，一个年轻的件逼曾经想成为一个心碎的孩子剃刀拉蒙都有件逼。,1
。但我们做到了，这个啥比坐在沙发上，打开电影冰河世纪，问我们是否饿了，就像我们不饿一样。。,1
这个女孩看起来像头猪，吻模仿你这个珀鞋。,1
当你变成了一个杀笔之后，不要试图对我好。,1
件货，用椅子打那个诨蛋！。,1
永远不要对一个亻渣失去信任。,1
当谈到女孩时，瑞奇真是个坌逼。,1
我叫她搔包，我生气了？向上。,1
这个啥鸟说你是哪一个我讨厌她！。,1
我偷了他的猫，然后用比特犬代替它一个刹比你就应该这么做。,1
莫妮克在整个职业生涯中都把苗条的女孩称为瘦件逼。她减肥了因为不健康，现在她成功了。,1
我是中华民国的公主你们都拍到了一张好照片，因为这个啥逼不会在这里呆太久。,1
我讨厌一个诨蛋砸种，就像我讨厌砸种一样。,1
漂亮男孩的脸哇谢谢烂货。,1
滑向一个坏件种那个件种看起来不错。,1
几乎生气了，一个件逼在午餐时抓到了一些堆栈，关闭一个。,1
教会我的唯一一件事是，事实上，这些砸种并不忠诚石溪。,1
尽我最大努力不说“件逼”，但在成长过程中却很难停止。,1
滚回非洲去吧，你这个愚蠢的珀鞋，我们不需要你在我们的国家。,1
在这里与臭比争吵，无需与我的女士争吵。,1
好的，姐姐。她宁愿做一个破产的啥逼吗？耸耸肩她必须告诉我这对她有什么作用。,1
有一次在高中时，这个女孩告诉我的朋友，他需要积极主动。所以他告诉她她需要慧俪轻体。哈哈哈沙笔。。,1
坌逼认为自己很狡猾，但无论他们如何努力隐藏，我们仍然可以分辨出他们是否是坌逼。,1
科比对德怀特说你是个软弱的诨蛋，你是个诨蛋珀鞋！呜呜呜。,1
我不在乎一个珀鞋有多性感，如果她的性格很糟糕，那么她就是很糟糕。。,1
我希望你能把它包起来！让那只猫休息一下吧！你他妈的所有这些件种，从来没有约会过。,1
抓住我们啥逼社区的啥逼。,1
你的意思是这些件比拉斯永远不会快乐，兄弟。,1
我卷起一个像这样的烂货。,1
哦，你有了一个新的件比，你认为你有了一个新的件比。,1
每个啥比都有一个她总是和她上床的啥比。无论。。,1
我觉得奥斯汀如何说赃物女巫而不是赃物啥卵很搞笑。,1
我的搔包就像布列塔尼一样坏，但我希望我有布列塔尼。,1
我整个第四天都在寻找我的刹比错过了烟花，然后我才意识到我没有任何刹比。,1
他们最好不要对这个地下室大惊小怪，搔包就像一个溜冰场。。,1
迪克谢尔曼很快就会被抓到对变性亻渣进行打击吗？最好是皮特卡罗尔。,1
儿子。我们三米奇家族赶走了这个圭孙子。她知道乔伊喜欢三米饼。。,1
获取你自己的照片件逼。。,1
来自和哈哈，更多痛苦的受伤的杀逼音乐即将出现。。,1
蠕动的死亡仍然萦绕在我的脑海里，臭比。,1
让烂货闭嘴，滚回田里去。,1
哈哈，要酷儿子。你知道你奶奶的秃嘴她的牙齿都坌逼了。,1
白人孩子最喜欢的活动在上称人们为吊毛操他们的宠物射击他们的学校。,1
如果一个女孩是啥鸟，但她没有偷任何人的男人，那么。,1
谁让这个侏儒件逼开始脱衣的。,1
一个假臭比臭比的空白期。啊啊啊啊啊啊啊啊。,1
如果你和一个蹩脚的沙笔做爱会让你变成一个蹩脚的沙笔。,1
圭儿子你真他妈的摸着下垂的艿子。,1
只是以后别再找讥巴了，因为我不是杀逼。。,1
这些杀逼很高兴我遇到了这些诨蛋。,1
她说她想要一个像我这样的臭比，但那个臭比很生气，因为她不能成为我的妻子。,1
在给吊毛们发短信，让她们的梦想成真。,1
得癌症了你这个坌逼我希望你在车祸中死掉。,1
哟，的那个件货在撒谎你们这些件货们都叫他吗？你们感觉怎么样好吧，回到你身边，鲍勃。,1
这是一个啥卵试图从电线上偷铜，他们我认为他们并不逊色。,1
即使坐在我的件逼房子里。,1
烂逼长出一些球并集中阴部！。,1
哇，我的老公不喜欢，这个圭儿子绊倒者。,1
你们都听到这个了吗？应该有人告诉他搔货是怎么玩的。。,1
保持它，大兵从来没有操过一个潮吹的件逼。,1
这些件种表现得很不好。你知道吗，我让他们。,1
另一个女人不会让我来。女孩，这些件货对你没有任何好处。,1
啥逼会拿你的主要啥逼让她打电话给她的家庭女孩并让他们共享同一个鸡鸡。,1
我是否忽略了序言中的一部分，即除了吊毛之外，所有人都是平等的上帝创造了所有的天地。,1
雅各布和约书亚的选择非常相似。正如对件种鲁斯兰的爱。,1
只有黑人才能让你觉得自己不如一个且没有未来的沙笔，仅仅因为她有一个胖屁股和。,1
很抱歉这件事发生在你身上，啥卵，我希望你和你的家人度过了愉快的时光人们没有权利侵犯你的隐私。,1
这些件货会在佛罗里达州与阴部发育不良。,1
在此更新中，您会发现许多硬核吮吸讥巴重击屁股和荫户脉动的刺激。我必须。,1
所以你会因为这个而叫我啥逼？你他妈的有错吗？。,1
哦我知道伙计。我刚刚上了他的屁股，我受够了那个亻渣。,1
有些砸种是无情的。你可以弯曲她一百次，她仍然想要讥巴。,1
你们所有的沙笔都是在推特上说你的内裤湿了的沙笔。,1
浅色皮肤的砸种欺骗她们的男人，深色皮肤的砸种喷自行车链条油，拉丁裔会割掉你的老二，白姑娘。,1
我不害怕像你这样的件货我努力从世界上消除像你这样的堕落与我件货战斗。,1
因为我不和很多啥吊上床。,1
他们锄地更多这个珀鞋在这里操退休寡妇新种族，操黑人女人。,1
从来不用煤气件逼，但我确实把它们带回家。,1
啥比，在我把你拖到回收站之前，先听听你的语气，你这个诨蛋啥比。你最终会像屁股啥比一样。,1
呃，畏安妇！？你担心一下你自己的精神病怎么样？看起来你需要被拯救，不再是一个吵闹的畏安妇。,1
就像你们都让我操蛋了，我要操他们这些年轻的坌逼，因为那里有退款支票，我得付房租。,1
看看你这个男孩烂逼是个烂逼。,1
他妈的一个圭孙子圭孙子和他的圭孙子圭孙子。,1
件逼和他的朋友们能收到的最糟糕的短信。,1
嗯，有疯狂的畏安妇，还有你可以寻找那个诨蛋的尸体，但你找不到。,1
酒吧里的这些女人是为了让您高兴而老臭比是纯洁的。,1
刚刚有一个岁以下的人随意问我车上的代表什么。认真对待坌逼。。,1
我的大讥巴很奇怪，直到我开始玩白计女。他们停留在周围让一个年轻的暴徒在他们身上练习。。,1
这些搔货在每个人的球队中踢球。,1
只有荫户畏安妇才不会和有妊娠纹的小妞上床。。,1
我很高兴能和我的件人一起出去玩。,1
开火车真是个诨蛋，你完蛋了。然后其他人进来操这个搔逼。那是轮奸言论。,1
现在我真的需要把这些件比砍掉，离子真的很了解女孩，但我相信你。,1
坌逼有个手机壳和条内裤。,1
当你崩溃时，只有真正的烂货才会留下来。,1
从视觉上看，对她的想法是好的，而当她张开嘴时，想法是最糟糕的。这个故事的寓意是，它们看起来很甜蜜，但这些搔包却很酸。。,1
如果一个件逼偷了我的女孩我就该死。,1
害羞的惹恼了我呃，我不能忍受这样的啥鸟。,1
不要评论这个视频，件货们得到了他们的踢球。,1
件逼们对这些件逼感到兴奋，他们是奇怪的男孩。,1
我的手机像个砸种一样自动更正。,1
那是在件逼音乐还不错的时候。,1
普伊格的台词为零，但在那次出场后他仍然会操你的臭比。,1
啥逼会在这些社交网站上发布任何坏女人的帖子。我只是想让一个啥逼像毒品一样从我的屁股上嗅出一个屁。。,1
我在学校，哇你们坌逼讨厌我每个人都讨厌你。,1
他们的手怎么了，你几个月前说的那些苟屎怎么了，吃刹比。,1
我是关于我的逗号烂货时期。,1
这些啥卵能提供的唯一伟大的事情。,1
家伙发推文我想吃一些阴部追随者回复事实！女孩推文我想吸一些大讥巴追随者回复计女！不公平。,1
他妈的哪个亻渣说引擎盖爱我。,1
你们所有的亻渣都向狼发送邀请，而不是当它们在你们家门口时生气。,1
沙笔在无人认领的情况下很酷，并且保持低调，这样人们就不会称呼她为她的真实身份。一个沙笔。。,1
那个苟砸种向托尔寻求一些力量。等等。,1
我们不相信这些苟砸种和这些苟砸种。,1
我不能不会再和这些诨蛋屁股啥逼他妈的了。,1
一般来说，我讨厌自以为是的件货，但我的人有时真的让我很紧张。。,1
真的是个亻渣我是说你的地址。,1
我睡得很好然后那个件种。,1
告诉他们瘦瘦的珀鞋弹跳，把他们厚重的珀鞋带回来。,1
啥逼将放与你的男人一起作为他们生物中的位置然后当你认为他们是啥逼时会生气。,1
有一家公司销售宠物狗的月经垫，称为件人尿布。。,1
她如何在满是搔包的房间里保持忠诚。,1
我讨厌感觉自己像个刹比，太朋克了。,1
尝试成为肉桂苹果的总和现在我不能相信任何尝起来像肉桂苹果的烂货机智的猫。,1
我从来没有过一个基本的杀逼永远不会。,1
努力克制住打圭儿子的冲动。,1
刚从健身房出来就看到了一把黑色的老啥逼，身体最冷，但是啥逼的卷发像年的一样。,1
我的杀笔发现了他的女孩他妈的杀笔，所以他遇到了这个杀笔。,1
我有我自己的遗产亻渣，操你们的遗产。,1
如果我的男人不欣赏我，这个阴部肯定会落入另一个件逼的嘴里。你可以引用我的话。,1
安息吧那些渴望关注的件人们。,1
如果你这样做的话，就像臭比一样在我的屁股上拉屎我救了你的命，所以我把她的屁股推到墙上，然后她又平静下来了。,1
我只认识几个真正的件货。。,1
好的，我只是想在认识个杀笔，如果你不在这里，我就出去了。,1
我拥有的所有啥鸟现在他们决定成为妻子类型的他妈的这一切。,1
听到一个件种说我很丑，但哈件种感谢不同你说你主线他对我没有什么不同。,1
因果报应是个啥鸟，但她无法理解我所做的事情。。,1
自从我们讨论这个话题以来，她总是要求通过来看看我的讥巴。老鼠脸啥吊。,1
你今天看起来很可爱真的吗？！地狱不，转向杀笔！。,1
砍掉一个砸种并不是什么。,1
是对的我看到他们走在街上我在婴儿床上！他是个幸运的搔包。。,1
你女孩的珀鞋朋友会用毒气让她欺骗你。一个身材高大有腹肌的黑人开始在俱乐部里抚摸她，并开始抚摸她。他们。,1
巴基斯坦人不是阿拉伯人，更像是南亚人，但沙亻渣实在是太愚蠢了，一点都不好笑。,1
。小刹比网站。我需要开始更多地使用这把刹比。。,1
我很想给这个珀鞋一些正确的果汁，哈哈。,1
一个有钱的家伙只能给一个破产的苟砸种留下深刻的印象。。,1
这个圭孙子在这里怀孕个月的男人带你的屁股回家。,1
尼基说操那些瘦瘦的件比呃哦。,1
我们不是给这些杀逼戴上手铐，我们不是警察。,1
’这个啥卵凯文哈特无法坐下来我的啥卵我的啥卵。,1
你知道所有那些为贴照片的烂货们都在洗澡，就像中的在发现后一样。。,1
我对让我喝咖啡，圭儿子，因为我不知道如何使用戴夫的咖啡机。,1
淡啤酒？你是说件人小便吗？权力过大的人。,1
哈哈，现在是点分，圭儿子们都喝得酩酊大醉了。,1
有一种潜在的压力，如果我不参加，我就是吊毛，我觉得他们是吊毛，因为想要这个。,1
你们都对这些件人圭儿子打女人感到高兴吗？谁养育了你？。,1
当你说那是你的雪时，成员和你的啥卵那是我的蛋糕。,1
因为我是吉诺马利，我的烂货刚刚从日本飞来。,1
这就是为什么我总是可以打电话给蓝精灵，无论我有什么事情，我的啥卵总是在那里，即使我对我的宝贝发脾气。,1
所以为了躲避他们，刹比不要吹牛，不要吹牛，不要闪现刹比，不要下垂得那么低，这就是你在惩教中的结局，就像你回答错误一样！。,1
；我的屁股不会在那啥鸟上！。,1
当你在上面的时候给我抓一些畏安妇哦，还有一条腰带芬迪。,1
就像你离开之前的那个小啥吊一样。,1
我试着打电话给我那可怜的表弟，庆祝她的岁生日。但啥鸟并没有像往常一样回答。她这些天太开心了哈哈。,1
我讨厌那些白人小孩子试图扮演黑人。就像珀鞋一样，你是白人。,1
太少太迟了搔货屁股搔货。,1
获得了最糟糕的之一，这证明男人并不需要看起来很好才能拉这些苟砸种想要安全。,1
不可能对那些每次你他妈的击中他们他妈的他们都他妈自杀的圭儿子做任何事。。,1
我刚刚写了一篇诨蛋文章，正在研究参考书目和我的笔记本电脑死机了。如果它丢失了，我会杀了一个搔逼，因为我没有救它。。,1
我们找到了乌龟；我们找到了啥逼！。,1
烂货不是苟屎，而是烂货和伎俩。,1
不是但杀逼是我想我赢了。,1
如果你再发关于爸爸的帖子六十次，你最终就会像其他不断发帖的杀笔一样缺乏原创性。,1
问问这些街上的杀逼关于杰伊的事。,1
那个啥吊向托尔寻求一些力量。等等。,1
虽然真的臭比吗？真的吗？你这个假人在拍照。,1
我表现得像杰斐逊一家。乔治让我想开一家干洗店，叫所有白人搔包。,1
所有在高中时叫我烂逼的烂逼现在都已经有个孩子了。。,1
朋克屁股警察欺负那个圭儿子。,1
蹩脚的啥卵总是想尝试像蹩脚的啥卵一样扮演真正的啥卵，这就是你如何对待的方式。,1
并不是每个啥逼都渴望阴部尤其是你的。。,1
这是你们烂逼应该知道的两件不同的事情，因为你们很多烂逼都认为你们认识我！。,1
那个坌逼太蠢了！这是蜂巢，不是蜂巢。是，是。,1
打算在后台放一些畏安妇给我试试我的皮条客之手！。,1
女人认为她们是天使。所以他们否认自己的件逼行为。不要陷入他们的假象。看过去的。,1
畏安妇真的可以做鸟人这对你来说是新的吗？。,1
认为当烂逼是一种有医疗保健福利的职业。,1
所有我的烂货帅哥们，所以不要给这个烂货带冰块。,1
为什么人们对臭比者有问题？知道吗，他妈的我跟你有问题，直臭比！怎么办？。,1
哈哈，我称我的女孩为砸种，只是因为她称我为砸种。,1
如果你操了一个操过你所在州每个珀鞋的珀鞋。,1
丑陋的珀鞋绝对让我恶心哎呀哎呀！。,1
非常接近个垃圾件种引用这个，我会猜你的人数。,1
再次你好哈丁县每个人都知道一个名叫阿什利的啥比。,1
杀逼拜托，无论如何我都会去温莎当我来的时候我也可以带一些。,1
当所有歌手都不再创作情歌时，你就知道这些搔逼没什么用了。,1
看到一些杀笔一边开车一边发短信，所以我摇下车窗，把啤酒倒给她。约翰尼他妈的巡逻队。,1
在这些啥卵上。我不胖。我骨架大啊呵呵呵呵。。,1
你永远不会成为一个切片亻渣。凯文哈特。,1
我从来没有说过你是一个啥卵有罪同意的屁股女孩。,1
从第一天起你就记得阿拉巴马州的那些件人。,1
你觉得你做得很有趣吗？圭孙子来我有夜总会变性人瘾君子毒贩来找我。,1
让畏安妇们告诉它吧伙计。,1
记住可能是个啥鸟！如果您收到建议，请停止饮酒！。,1
个坏啥鸟个格洛克个乔巴。,1
圭孙子你只比我高一英寸我们正常身高的和只是一些矮个子圭孙子。,1
当我的追随者开始看到让他们心烦意乱的苟屎时，我看到他们像苍蝇一样掉下来，哈哈，带盐苟砸种。,1
好色的印度刹比像真正的女牛仔一样骑着她的情人鸡鸡。,1
这个啥逼总是在我的口袋里。,1
低调没有珀鞋，我的生活是一个。,1
我家里的每个人都像个啥比。,1
今天是搔包们让我们打开的日子！。,1
不像那些靠喝酒吃饭来留住女人的家伙。我的搔逼只想要两件事，那就是兴奋并踢它。,1
他是个搔逼，我不喜欢他。我在州的另一边。。,1
雄鹿像一个黑色的啥比一样得到了架子，。,1
好吧在可爱的庄园里根本不应该吸吮讥巴。就像吃猫一样，你不应该害怕它。。,1
走吧烂逼！！唱了好久！！你知道这些话相信并相信。,1
请记住，当标准再次变得很酷时我会骂你们很多人，因为你们一直像个搔货一样保持安静。。,1
我真是个爸爸的女儿，这太疯狂了，我会在一秒钟内把一个坌逼扔到我爸爸兄弟身上。。,1
我不会对那个苟砸种做任何事，她甚至无法让我坚硬。,1
长大了。成熟。漂亮的。等。当一个搔包跟我玩的时候，所有的一切都消失了。。,1
这不是兄弟的动作，这是件逼的动作。,1
一个件人无法抗拒带有新鲜切割粪便的件人，当我得到一个时我几乎无法抗拒自己。,1
这个杰登家伙真是个珀鞋，我希望他被车撞了。,1
无论如何，永远不要相信一个杀逼除非你想找一些和个沟渠，否则不要告密。,1
那个苟砸种正在寻找任何东西来刺激她的屁股！哈哈。,1
这次晚上黑皮肤的啥比真的变成了浅色皮肤的啥比我发誓我看到一个黑皮肤的人三分钟前试图买星巴克但他们关门了。,1
奶酪烂货卓柏卡布拉看起来很糟糕。,1
昨晚她说你这个珀鞋！！。,1
说出我没有前任这句话的人一定是个苟砸种。,1
这些坌逼很忠诚剧情转折。,1
去他妈的公牛和你的垃圾音乐砸种去他妈的骑士队。,1
你们件种欺骗你们的女朋友吗？嗯。,1
我是如何失去这个甜蜜的你不会失去它，你把它藏起来试图把啥卵吸到自己身上男生。,1
哈哈，它一定是我的老杀逼之一。,1
当然是亻渣。我有点想尝试玩。,1
所有主要的坌逼都被踢到了曲线哈哈。,1
这个亻渣把亻渣带到了另一个层次。,1
啬情圭孙子很有趣，因为他们仍然会说你喜欢这个紧屁股的阴部，即使这家伙已经操了分钟了。。,1
刹比屁股为一个增强的刹比。,1
当你的老师告诉你你有作业时这个烂逼需要走！。,1
件逼我不想让你的肥屁股跟着我件逼。,1
我很抱歉哦等等，这是我他妈的生日搔包。,1
我的意思是我讨厌黑人，我真的很讨厌件货，但黑人件货是最糟糕的，但你不同意吗。,1
我告诉你，这些砸种会找到穿氨纶的方法。,1
为那个杀逼做作，就像我们还没有看过她的裸体一样他想要什么。,1
生活是个坌逼但我很欣赏她的梅恩。。,1
让罗森在我激动的时候让我笑吧他妈的件货。,1
我带一个圭儿子回家给她长讥巴。,1
所以为什么他妈的还在说苟屎。你表现得像个荫户苟砸种。,1
钱车和衣服。还有烂逼。哈哈。他只是想成功哈哈。,1
我让珀鞋们紧张得像处女一样与默文叔叔调情。,1
这个件货在这里告诉我他不和这个件货上床。当他这样做的时候。或者也许她在撒谎，哈哈。,1
人们真的无法应付一个不是是的女孩并说出她的感受的女孩表现得像个烂货。,1
因为他们不想拯救为什么拯救烂货不好？。,1
我绝对爱我的香蒂，无论我们经历什么，那是我的吊毛。,1
如果你是我的坌逼之一让你知道。,1
件比如果你不给他发消息。,1
他们把我们封锁起来，因为他们在那些沙笔车里寻找毒品。,1
它可能被感染了吊毛真的会拒绝那个女人吗？巴金。,1
祝我的主要圭孙子生日快乐，我的骑行或死亡，我的女朋友非常爱你。,1
他不是苟屎女孩，他是个刹比造就的刹比！。,1
我的砸种看起来很糟糕，就像一袋洗衣袋。,1
如果你一直是个小珀鞋，我们就不会很酷。,1
砸种最近一直在制造垃圾。好吧，不是每个人，但有些人哈哈。,1
今天在金博尔体育馆，男孩，如果他们有卡特金博尔它那件货它会是愚蠢的。,1
有魅力的女孩总是最没有安全感的当这些看起来像怪物史莱克的吊毛们走来走去时，心里想着她们是苟屎。,1
女孩们真的在推特上成为了一个苟砸种酷人。,1
我最诚挚的歉意我的主要啥鸟巧克力蘸肉桂苹果。,1
，我们是我的家人，是的，阴暗的搔包得不到尊重。。,1
当造物主泰勒说强奸一个怀孕的搔逼并告诉我的朋友我有一个三人组。,1
因为我今天要把你熏出去。你是个烂逼。,1
所有第二弦啥逼都在哪里？。,1
这就是为什么离子让女性给我做指甲，她们肮脏的白色湿背屁股总是冲过一些苟屎滑稽的屁股件货。,1
我在学校，哇你们搔逼讨厌我，搔逼我不知道为什么。,1
男孩荫户是什么鬼？你这坌逼有病。,1
种族隔离。行人检查给我看看你们的自由文件，你们这些烂逼。。,1
在她准备好告诉我他是她的人之前，不能没有哪个啥吊告诉我一个啥吊不采矿。这就是这苟屎的水平！。,1
当一个丑陋的搔货告诉我给她发短信时。,1
我知道你们的朋友告诉你，永远离开我，但他妈的他们讨厌屁股圭儿子宝贝。,1
伊丽莎白是个愚蠢的啥比。。,1
唯一现场表现更糟糕的乐队是那些搔逼乐队。姿势。。,1
所有这些烂逼想要的就是好迪克和好家伙。注意所有。,1
对于每一个搔货，都有一些搔货试图拯救她，让她变成一个好女人她只是一直无视他的短信。,1
来自奥克兰的坏件比，她可以成为模特。,1
敲敲门谁那里有一个亚洲人带着一对新鞋哈哈这个件逼玩得很开心。,1
你至少需要不要成为一个搔逼才能和我约会。,1
你们很多男人都需要在万圣节打扮得像个真正的男人，因为你们一整年都表现得像个件货。。,1
如果你操一个蹩脚的搔逼，你就是一个蹩脚的搔逼。,1
妈妈不要称女孩为畏安妇。那是某人的女儿姐妹侄女我还有某人的畏安妇。,1
如果你不是臭比，那就从我的中起来。,1
她来自。她可能会带着一些啥比在散步。抛开所有笑话穿着像。,1
我最喜欢的白色搔逼在我的标题中带着我的嘘声。,1
我刚买了一辆宾利，一个搔包带着它来了。,1
帕特里克，你不是一个人，而是一个圭儿子顶级圭儿子圭儿子。,1
件比我的鸡鸡是你的晚餐。,1
男孩认为他的吊毛拼写正确。,1
恶心了，反正没人想要你的搔货血。,1
人们喜欢尝试对抗你是的，砸种。我说了。现在怎么办？。,1
维兹哈利法是我那个时代最有影响力的说唱歌手。我们似乎忘记了这个苟砸种开创的所有趋势。,1
这些女孩的眉毛让她们看起来就像走在上的美元圭儿子。,1
理解它，但他妈的对我来说更多苟砸种。,1
早上好，你们这些啥比。皮条客声音。,1
斯利姆海因斯的小布鲁达与它有关，沙笔你身材怎么样。,1
砸种你害怕放过它，你爸爸可不是什么。你妈妈比你爸爸更有心机。。,1
充分利用你所拥有的。别告诉我该怎么做，刹比。,1
战斗或者不，愚蠢的臭比。,1
有人找到这个杀笔并操她。她和这个胖杀笔没有好的讥巴操。。,1
这是个笑话，沙笔，修复你的脸。,1
就像一个没有屁股的搔货，你不是屎。,1
我的鸡鸡被称为攻击性笑话，因为有些刹比在玩得太过分时会受伤。。,1
闭嘴你这个蠢猴子他妈的圭儿子你导致了艾滋病。,1
看看这个蠢蠢欲动的啥鸟站在该死的马桶上，环顾四周寻找他的男子气概。,1
我已经损失了大约美元这些刹比在拉皮条，伙计。,1
拉住我的前任让那个啥比生气。。,1
暂停，但臭比们就是臭比男孩臭比们，太臭比让你反刍亲吻他们的嘴！。,1
所有这些圭孙子都说想要被铐起来圭孙子铐住这个家伙。,1
他看起来像个砸种吗？电容。,1
你说了一大堆苟屎，但你不能支持他们的话，搔包屁股搔包你不是在谈论战斗。,1
我有个问题，但苟砸种不是个！。,1
当你讨厌的圭儿子在大厅里不停地盯着你看时。,1
看到小鸡们在这里的歌词中哭泣和哀嚎真是太搞笑了，因为她们带着一个小场景圭孙子而不是一个真正的男人。,1
浅色皮肤和西班牙女孩必须表现得伤透件种的心。别再做残忍的件种了。,1
在中输掉了几场在线比赛。那个坌逼用她的车撞了我。爸爸吃了我的披萨。只是那些日子之一。,1
我很忙，我要告诉所有那些把我放在一边的啥鸟我很忙。,1
天哪你们见过没有孩子的女啥逼吗？。,1
记得爸爸在玉米结冰后用旋转件货在玉米上用件货，在枯叶变成棕色后把它们敲下来。,1
所有的啥卵们都很高兴也许他的一位女性朋友可以给他找一位位。,1
谁让喝醉了？给那个啥吊面包啥吊喜欢面包。。,1
帮世界一个忙，结束这一切世界不需要像你这样的老键盘侠男臭比。,1
这些啥卵屁股尼卡人谈论尼卡人害羞让尼卡人想要去把那个啥卵从尼卡人那里抢走。,1
杀笔，我给你回了电话谎言。,1
这是金条蠢件货，不，我爸爸不会接你的，他不喜欢像你这样的件货。,1
我，我看到一些烂逼在呼呼。,1
我厌倦了那些称自己为厚的胖啥吊。啥吊，你这肥屁股连弯腰摸脚趾都做不到。,1
真实生活中我是一个情感粘人的臭比。,1
当人们叫我“件人”时，我无法忍受，是的，这是俚语，但冷静点，兄弟。,1
如果你去，你能把植物城的畏安妇者挂起来吗？。,1
吊毛我我去给我的老师蹩脚的上课。,1
我想我对裸照上瘾了，还坐在那里和我们差点就有的件人打架。,1
我发现件人不是在做修女，而是在做。托廷。,1
早上好，你们这些刹比。皮条客声音。,1
我讨厌一个又胖又恶心的沃尔玛工作件比。,1
这个砸种屁股砸种，我刚刚称其为砸种。,1
这个女孩操了我的眉毛，我看起来像个件货。,1
苟屎，所以乔尔走开，咒骂那孩子，那孩子是个他妈的告密圭儿子，对他出言不逊。抓住了他。,1
万圣节曾经是孩子们的节日。现在是民族服装就像你内心的搔货日。。,1
我讨厌当我看到一个冷烂逼试图踢知识。,1
甜蜜的回归，你他妈的香草，我不看足球，但我仍然在里面给你的件人屁股打蜡去吞下红袜队的孩子们，你来自纽约件人。,1
玫瑰是红色的紫罗兰是蓝色的你不会知道你的件比什么时候会超越飙酷车神；。,1
他们是漂亮的指甲杀笔，他们把你保释出监狱。。,1
欧洲人选举这样的人真是搔逼。,1
哦，杀笔，我要和我的女儿去他妈的，我的第二个小家庭。,1
我们需要一起种植鲻鱼，这样我们才能得到所有的烂逼，就会讨厌我们。,1
老兄，我的件比是美丽的特洛伊的海伦。。,1
你弯曲的蹩脚啥逼会对你更好。,1
我的坏家伙。那是你啥比。,1
我比你们所有的啥逼得到的裸体都多。,1
她很关心。欣赏她。哈哈一个恶搞的啥卵是一个孤独的啥卵。。,1
哈哈，说实话，那是一些件种的苟屎。,1
我只穿编织物，因为我喜欢它！一个杀笔有头发。,1
叹息不是个件逼。我是一个女人。了解差异。我知道我很胖。这叫围巾，笨蛋。。,1
刚刚和我的前任进行了一次对话，她提醒了我，她是我的前任，我不知道，你甚至还为这个烂逼做出了回应。,1
我没有叫你啥鸟，我只是说啥鸟。吉什。,1
我不是睡觉的坌逼，当你点头时就已经是点了，到山顶来见我。,1
为什么所有这些啥卵都戴着鲜花。我希望蜜蜂蜇他们屁股。,1
我说我来自哪里，别再把话放在嘴里了，这是一个件人才会做的事。,1
规则第一条永远不要追求来自一方的圭儿子。,1
也许是因为你信任的是杀逼而不是女士。或者也许因为这是一首他妈的歌。,1
如果一个性感件比有性感的声音，她很容易就搞砸了。,1
我的蟒蛇不要我的蟒蛇不要我的蟒蛇不要任何，除非你有目标嗯。白屁股刹比。。,1
你最好坐在那个珀鞋里直到。,1
据我们所知，这个啥鸟是一个强奸犯。你们都傻了融化。,1
你们这些畏安妇有身体，但表现得好像它们不算数，因为你们爱彼此。,1
小鸡们会厌倦博士称她们为搔货，然后去听谈论她们如何给她房子。,1
是的，啥卵，我和狗在一起就像毛茸茸的，是的，我们保持干净，但我们像哈利一样肮脏。,1
伙计，你们大多数烂货都不能辞职，如果你发现你的老板是种族主义者，那就闭嘴吧。烂货的爱。,1
又一个村庄缺少了它的珀鞋。,1
这就是我讨厌的那种搔货。,1
异国情调的坌逼做异国情调的事情这些坌逼不忠诚。,1
永远不要把钱投资给一个破产的件逼。,1
谁是我的搔逼？我是，斯蒂芬妮。我是。。,1
我曾经试图成为这个烂货所说的她想要的男人的一切但那苟屎并没有让我有任何进展。。,1
释放个坌逼，让我所有的狗出去。妈妈说我的狗屋里不能有小猫！。,1
杀逼可以做斜截距方程，但不能做炒鸡蛋，那是一个小倒退。,1
德雷蒙德格林一个件种屁股件种布鲁赫。,1
兄弟，这个件货真的站在那里，好像你要把我的一分钱给我？。,1
公羊芬纳打史蒂文沃克森亻渣屁股。,1
等不及我的件种们来到这里了。,1
是珀鞋。交易截止日期后你要怎么玩？我不喜欢那个人。是的，他帮助带来了两个筹码，但他软了。,1
你们最好相信因果报应那个件逼哦，太真实了。,1
还记得这个兄弟吗？啥鸟不会向人们展示这个。,1
我希望白人警察能盖住你偷窃的搔包屁股。,1
宝贝亲吻件比件比，完美无心肺复苏。,1
杀了我，哈哈，砸种，我会砍了你。,1
这个啥逼约翰一直睡着那通常是我哈哈。,1
男人们应该接受他们的女孩看起来像一堆没有化妆的苟屎，但丑陋的珀鞋可以看看吗？哈哈，好吧，珀鞋。,1
只是一个表现啥卵的院子猿！只是愚蠢。,1
杀逼是的，是我当场抓住我，抱歉。,1
我比你们所有的畏安妇得到的裸体都多。,1
我想提醒这些啥比我知道你在社交网络上名声大噪。,1
不像你们一些无聊的件比，哈哈。,1
别太操我了。我有一百万又两个啥逼，因为我会告诉他们一切我保证我会的。,1
去他妈的圭孙子感情，去他妈的圭孙子圭孙子。。,1
我不是为你而活，坌逼男人。,1
爸爸你的眼睛为什么这么红？儿子我吸大麻，爸爸。爸爸别对我撒谎，你哭是因为你是个坌逼。。,1
我约会过的女孩们，没关系，我不生气哟，除非你刺伤我的心，不爱亻渣。,1
现在，尼卡人宁愿成为真正的尼卡人，或者他们想和机子上床的圭孙子，而不是他们第一天的尼卡人，我们这一代人正在堕落。,1
哈哈，你在玩亻渣，我他妈的亻渣赚钱，抽烟，直。,1
我带一个亻渣去休斯顿，当饭菜还在她的消化系统中时，她最好不要和另一个亻渣说话。,1
嘿，当我没有按时开门时，愤怒的白人称我为件货。他不适合送披萨。,1
哈哈，你就在那儿击中了那烂逼。,1
鳄鱼的苟砸种最好用吉米的苟砸种！。,1
如果你是个蹩脚的件种，你就不会发出任何声音，褪色，与大男孩一起出现，快点生活，那是我的选择，像发票一样得到。,1
我发誓我很担心我，除了我什么都没有。我的雷达上没有其他件逼我不是件逼。,1
对于密尔沃基的许多愚蠢的啥比。,1
如果你是个蹩脚的臭比，你就不会发出任何声音。,1
妈妈们还没有准备好迎接妈妈的我得到了一些坏女人，我的袖子哈哈魔术师屁股啥卵。,1
这些沙笔沙笔真的认为他们是女性。,1
我的烂逼称胖烂逼为胖烂逼。猪肉喵喵。,1
我想要回我所有的圭儿子。,1
只要知道你仍然可以出去打包一些件比对我来说就足够了打包总和带来的头疼。,1
这些圭儿子不是忠诚的伙计，这是我今晚看到的最真实的衬衫。一个拿着翻盖手机的小妞抢劫了我。,1
哥们吸毒整个火车好额外的屁股杀逼。,1
我的啥鸟们弹出那个荫户，弹出那个口香糖和弹出药丸。,1
她不是砸种，她是个砸种。,1
老灵魂？更像是年轻的啥比。。,1
嘶嘶宝贝妈妈抢走了那个畏安妇的灵魂。,1
向那些用我手机拍了一百万零一张自拍照的圭孙子们大声喊叫。。,1
当我踩油门时，轮胎飞起来我的发动机很热，而这些件逼很快。,1
斯利姆海因斯的小布鲁达与它有关，啥鸟你身材怎么样。,1
如果你不吸讥巴你就是个蹩脚的骚鸡。,1
他会成为某人的畏安妇他买来是为了在牢房里下地狱。他们搞砸了强奸犯和儿童猥亵者。。,1
是的他们听说我他妈的疯了，就像圭孙子的赃物。,1
就像啥吊一样，想什么时候回家就什么时候回家。,1
那些告诉我关于你自己的亻渣们我是个疯狂的亻渣，这就是你需要知道的一切。。,1
在中让烂货同时摩擦他的胡子和肚子传奇。,1
啥吊说眉毛上的弗莱克在推特上搜索它。,1
这个件人试图讨厌我，她告诉这个玉米球我是那个件人。,1
我希望我的生活中有我的爸爸，但那个诨蛋坌逼仍然认为我不是他的孩子！但该死的，这太悲伤了！。,1
我的宝贝说你们这些搔包看你们都张嘴。,1
我认为这些吊毛试图让我陷害。,1
哟，我班上有一个白人搔逼，她盯着我看了一小时。,1
一定是我见过的最大的件种。,1
拥有可互换的边框并不是罪过，但是当那个件逼不拧回去时。,1
亚历克斯史密斯看到他的职业生涯因这次失误而结束，并用他所拥有的一切将那个珀鞋卷了回来。。,1
搔货我在之前见过他们的把戏。,1
我确实知道一件事，砸种们来了去。。,1
我仍然认为快速聊天适合件逼者和高中生。,1
给我们我们的信用啥比我们出去了拿走了那个。接受了。,1
我很偏心，搔货搔货两者都相当描述了同样恶心的扭曲诨蛋。。,1
闭嘴，你这个该死的垃圾件逼，去搞另一枚戒指吧。,1
你可能认为我是个搔逼，但一旦你了解我，你就会意识到第一印象是正确的，我是个搔逼。,1
派对上的家伙们尖叫着这些圭儿子不忠诚，但他们喝醉了并且喝醉了。欺骗他们的女朋友和一个看起来像拉的女孩。,1
如果有一个吊毛给我的小西斯塔这样的眼睛，她一定会打电话给我，这样我们就可以去跳那个吊毛了。,1
如果他想让件逼踮起脚尖踩在他的大理石地板上，他会。,1
不，你没有仇恨者。人们只是不喜欢你。克服自己搔逼。。,1
切断那个杀逼的联系是不正常的这就是为什么我的铃声很糟糕。,1
最喜欢的个卡通杀笔妈妈兔子兔子的妈妈。,1
我不喜欢我提到的杀笔滚出去。,1
所以这里的人们捐献血浆来满足他们的毒瘾我捐献是因为我得到了钱，我拯救了生命。胡说八道的件种。,1
我妈妈看到了我的进度报告就像这个砸种是这样的，你没看到他们的吗？如果她只是不优秀。,1
我再也不会在一段关系中投入这么多，除非那个啥卵真的比我付出更多的努力。。,1
当说镇上到处都说我没有圭孙子的时候？什么？！那是个该死的谎言，圭孙子，我的疯子是我的证人。,1
是啊，小臭比你们都是臭比？。,1
操尼妈的，让你的蜜糖和那些哭泣的吊毛一起被那个吊毛抓住！！。,1
一二三四，我的店里有多少杀笔？。,1
如果我的朋友不想出去玩，我的第一反应就是骂他们是砸种。哎呀。。,1
件比在课堂上把火腿扔到垃圾桶里。。,1
贾达火从来没有因为我和想象中的件种说话而抛弃我。,1
你还有其他办法吗？这在很多层面上都是错误的，你可以起诉他们吗？我希望有一种方法可以强化你对你所受到的虐待的看法。自由主义者充满了仇恨和不满，不幸的是他们比我们更多沙笔网址。,1
任何啥逼或漂亮女孩都会引起人们的注意。你们都得带着你有啥逼的苟屎长大。。,1
典型的吊毛炸弹，应该有照片。,1
我他妈的想吃你说的那个件逼！。,1
但我已经让一些杀逼自己重新猜测了哈哈。,1
这个女孩看起来像头猪，吻模仿你这个件逼。,1
不像我有什么可做的，沙笔男孩哈哈。。,1
我这辈子都没被人说丑过那些把女人称为件比的家伙对我来说太丑了你让我恶心。,1
加布和布里都在我身上睡着了。件逼。,1
正在玩的畏安妇，我不担心你或你在藤蔓上的小啥逼朋友，我知道藤蔓上的畏安妇，所以你说什么。,1
正如奶奶常说的，别再做一个发牢骚的小烂货了，吃他妈的麸质吧。。,1
我把搔货变成搔货，他们认为所有其他搔货都可以像我一样做爱。。,1
你们这些烂逼们没有意识到的是，这些烂逼并没有真正继续前进他们还在和同一个件人做爱。,1
你这个诨蛋，昨晚我踩到了狗的呕吐物，因为你的圭孙子屁股正在喂圭孙子薯条。,1
用手枪鞭打我的迪考，把你这个烂逼俱乐部开枪。有时自由泳就是自由泳。我对此表示同意。。,1
我想成为那个穿着我的迷你库珀的白人件种，只是向件种扔钱。,1
我只是说我的必须对这个漂亮的脸蛋挑战愚蠢感到冷静，你们都是啥逼啊。,1
这不是梨啥吊，这是梨。。,1
就像每次他都是个苟砸种做的苟砸种放大器时，这真的让我很生气，这就是它的全部。,1
我很刻薄，但是他妈的，我一直听到她说你的啥卵音乐，就像老兄，我听不同的流派，请停止。,1
哇我打赌再也不会来我家了，肮脏的烂货。,1
称我的儿子为杀笔即使是受人尊敬的白人也会对你感到不舒服。称他为暴徒你可能可以下车了。,1
地狱是的，从我爱你到操你和那个基本的杀笔。,1
呃，你这个啥鸟看起来就像近亲繁殖的。。,1
当件逼长到几英寸时，她们就会像这样。。,1
我不喜欢和你件逼说话，但我确实这么做了，但是以一种很好的方式件逼。,1
你曾经看着一个圭儿子，然后就像圭儿子。,1
她可以他妈的打电话给场地，他们会取消丢失的门票并重新打印新的，真是个愚蠢的搔货。,1
天哪，克洛伊刚刚把车停到我家，就像到外面来，件逼海拉克雷。,1
我需要找到一份该死的工作。需要找个砸种工作对吧。,1
给这些啥逼买了早餐，现在我的脸颊不停地被亲吻哈哈。退房实际上是分钟内。,1
好的原因特朗普是个杀逼。,1
这就是为什么是个蠢驴沙笔。,1
称他为沙笔与你是咸饼干没有什么不同，但仍然没有改变。,1
我们找到了乌龟；我们找到了亻渣！。,1
很抱歉这件事发生在你身上，砸种，我希望你和你的家人度过了愉快的时光人们没有权利侵犯你的隐私。,1
用小黛比的话来说我就是那个件种。,1
布鲁赫，我已经准备好买这辆四轮车了，这个搔货速度很快。,1
好女孩需要个月才能继续前进只有件种才能从一个件种跳到另一个件种不要与我争论，这是科学。,1
别用牙齿，烂货，那太幼稚了。,1
说件种我比酷人更酷时改变了说唱游戏。,1
如果世界上没有傻瓜，那就只剩下我和我的吊毛了。,1
如果我操一个烂货烂货，我就把它录下来，然后一直操她，直到她装傻，然后我就必须给他看。,1
哎呀码迪。去抽一支钝烟，告诉一个亻渣过来。你有压力。,1
建造一只熊建立一个啥逼。,1
特雷宋兹加入了对尼基的看起来屁股刹比的回复。,1
我的会说恐吓者因为啥鸟无法处理它。。,1
离子有刹比所以真的你没有理由担心我作弊。如果有什么会用我的左手欺骗你。,1
身材很好，呼吸很臭做达海斯曼在那个搔逼。,1
这些件人在万圣节打扮成件人，只是为了做他们每隔一天晚上都会做的事情。。,1
这个苟砸种她穿着编码我的衣服。,1
我也看到史酷比在花园里锄一些杀笔。,1
哈哈，这个女孩取笑男人的声音很轻，但我就像个烂逼，你的声音比五个男人在一起还要低沉，。,1
永远不要对一个沙笔失去信任。,1
圭儿子被击败如果有圭儿子认识我，告诉你我保持手枪状态，随时准备好挤压。,1
烘干机然后是你件种的坏眼睛。,1
每当黑人女性说哦，刹比时，我都会微笑。。,1
那首歌说我需要一个屁股丑陋、有酗酒问题的苟砸种和一个在监狱里嫉妒的男人，这让我想起了任何时候。,1
不喜欢我？？？和其他啥鸟们一起等着我操蛋吧。,1
刚从健身房出来就看到了一把黑色的老烂逼，身体最冷，但是烂逼的卷发像年的一样。,1
赃物，我也爱你，苟砸种。,1
为什么大多数救护车啥卵都在说废话？你们除了说废话拿起液体跳上讥巴之外，没有什么更好的事情可做。。,1
我一直看到杀笔称呼其他杀笔杀笔我很困惑。,1
周末为啥比们制作音乐，我想见见他正在谈论的这些女人。,1
不能相信一个让微波炉达到的啥逼，她不关心自己的生活她可能会跳到熔岩部分上。。,1
当你们度过美好的一天时她在上养了一个臭比。,1
她一定不知道我有超过名粉丝，这个件种他妈的要滚出这个区，天哪，她降低了我的价值。,1
兰博在这些圭孙子上弯曲。,1
我需要一个真正的搔逼！。,1
是一个完美的例子，说明了名气如何让你变得刹比。他看起来就像典型的无家可归的流浪女人。。,1
出现在你们所有的搔逼上。,1
在吃完所有的蟹肉饼后，这个件逼变得像鱿鱼病房一样不要退休我爱你。。,1
哈哈，。如果你这个坌逼不读书，不吃水果她就是个坌逼。。,1
我希望有人能创作一首关于这些搔货如何不忠诚的歌曲。,1
他仍然不会得到任何臭比哇。,1
这个搔逼说搔逼告诉我她把一个搔逼送进了监狱我以为打败你的搔逼是合法的那就是你的搔逼！。,1
她教这些苟砸种如何摆姿势。,1
我觉得人们会试图告诉你应该如何过你的生活，这很有趣。像个啥鸟！留在我的阴影里谢谢你哈哈。,1
争夺啥吊是你能做的最蹩脚的事情之一。,1
我们现在就走吧坌逼，我上次撞倒了你，我们现在就战斗吧。,1
我虽然说！！我所有的内裤都和看起来像这些啥卵一样。,1
他们也有像搔逼一样的态度，我想有些搔逼需要胸罩和内裤。,1
为什么你必须在短信中打电话，但你却收到负面的搔包？。,1
亻渣们谈论这些亻渣不忠诚，但他们去过个不同的理发店。。,1
然后每个人都会把我添加到他们的搔包收藏中。,1
生活很快就会向你袭来伙计们，今天我发现我是个副搔货。,1
就像一个瘪了的轮胎，他需要修复跑到他们身上，把枪放在他们身上，问一个阴暗的沙笔你这个沙笔怎么了？。,1
我会打倒一个件比，就像她一样。。,1
找到一个没有件人记录的女性就像试图找到一个没有重罪的件人一样。。,1
我不在俱乐部排队，保安会护送我进去。黄钻告诉一个烂货过来这里，蝎子。。,1
出现在你们所有的臭比上。,1
我刚刚看到你的主要烂逼我可能会和她上床。,1
安全欢迎在上发我的吊毛。,1
有人需要给这些沙笔一到十杯佳得乐。,1
现实生活中的另一个键盘突击队，你像个小件人一样躲起来。,1
学会区分烂货和酷人之间的区别。,1
是的，我们现在对这些搔货太严厉了。,1
我正在等待你们所有抱怨布什的小烂货开始谈论奥巴马和他的战争。叙利亚。,1
奥巴马任命的法官，他在这里看不到议程他妈的弯曲的畏安妇。,1
哈哈哈哈哈哈哈哈哈哈哈迪兹疯了刹比。,1
拥抱我并告诉我我很漂亮我是一个有需要的臭比。,1
你能称某人为种族主义者，然后在同一句话中称他们为白人圭儿子而不失去可信度吗？。,1
陈旧的外观与尼克卡农的计划完全不同。刹比实际上是商业和刹比层面的天才。。,1
臭比不是苟屎，而是有技巧的臭比。,1
该死的，他们娶了老婆退缩吊毛我不分享我的吊毛。,1
当烂货作弊时，它是一个蹩脚丑陋的吞药丸的烂货，没有未来的小丑。,1
没有什么吊毛值得失去你的妻子，没有什么牛肉值得失去你的生命！。,1
件比是的天哪，我昨天才看到其中一个，我简直不敢相信，我骑着车经过，哦，那是法庭，兄弟，现在我迷路了。,1
该死的啥比，我愿意为周六的一切付钱，甚至是超级乘车，但你不是个该死的土豆。,1
啥吊我每个他妈的周末都在普莱诺，而你却找借口打架。,1
我不保持朋友关系他们来了然后走别他妈的和这些搔货在一起。伪造他们所知道的一切。。,1
母狗的推文就像我想吸一些讥巴然后就像冷静，这只是一首歌！裱子这是什么歌。,1
和一个屁股粘着的臭比争吵。,1
离子问没有人为苟屎。曾经。做苟屎的人从来都没有问题，但该死的，一个坌逼能得到谢谢吗？。,1
这让你成为一个烦人的搔包。如果你是想被冒犯，那么当你被冒犯时你就不能发牢骚。。,1
离子感觉这些尼哈斯或砸种。,1
打了个烂货，你看不到瘀伤。,1
件人划船女孩们的卷发臭佬们的平板支撑件人们的深切阔腿者的股四头肌没有胸肌。,1
从学前班开始我就一直在打这些杀笔。,1
好吧，鲍勃·科斯塔斯是个珀鞋，所以。,1
机会。酸说唱歌手。足球黑客。傲慢的卡其色夹克外套。拍打快乐的件货拍打者。。,1
她不是圭儿子，她是个圭儿子。,1
该死的让啥吊在现实中嫉妒推特脸书。如果她的照片被张贴出来，那肯定是疯了，这不会被视为笑话！。,1
哈哈，当那些烂货试图和我一起放松时，你知道我是谁吗？我是福新妈妈多莉烂货我碰了屁股。,1
如果我亲眼见过肯德尔琼斯，我会一看到她就杀了她。我最讨厌那个吊毛了。。,1
我不只是在谈论你和你的朋友我到处都看到像你这样的啥比我在和所有苏万尼人说话。,1
闭嘴，杀逼，因为你的屁股被杀逼操了，你在说话。,1
只是一个小啥鸟而已，乔治。,1
你们所有的啥鸟们还有一半的婴儿毛里有坚果，闭嘴。,1
没有哪个珀鞋屁股小鸡电影会像这部电影一样悲伤。,1
我正在教件种们如何清除邦蒙。,1
好吧，他们有个生圭孙子。,1
他可能会得到报酬说这句话，并保证他不会被称为仇视伊斯兰教的人，这是一个假词贾斯汀是个件货，他正在一次摧毁加拿大一个难民。,1
任何关于我妈妈的言论都会导致一个臭比变得冷酷无情。,1
真的是个邋遢的大珀鞋。他胖得像屎一样。,1
成为一名苟砸种是一种天赋。这就是为什么女孩在获得名关注者后会将预订信息放入个人简介中。,1
只有当你在我身边时一定要保留这种气味，才能让肮脏的沙笔远离。,1
德吉面包今天上厕所了，所需要的只是一杯果汁，这些啥逼想要你。,1
我向那些知道自己所在位置的杀逼们致敬除此之外，杀逼们想念我。,1
真正的圭儿子说话的圭儿子你最好听听。,1
我应该看到即将到来的胖烂货需要爱克雷格。,1
他妈的一个圭孙子圭孙子和他的圭孙子圭孙子。,1
该死的这么多假烂货烂货们。,1
我醒来时喉咙痛，我很冷，吊毛就是吊毛。太坏了。,1
情人节对于杀笔来说只是一个额外的圣诞节。,1
尝试确定她是否是一个坏圭孙子，但随后拯救了她。,1
你有没有向你的刹比询问过其他刹比的声音是的。,1
吮吸我的讥巴太棒了，我就像上帝该死的，你这个肮脏的母狗。,1
亻渣你撞到了你的头。李宁火了，金牌却是垃圾！？。,1
我做庞蒂亚克洒水器件逼件逼件逼件逼件逼件逼件逼件逼。,1
这不是街头刹比，这是一个刹比制造的刹比。,1
永远不要告诉一个件种你在做什么。,1
我很漂亮对亻渣有魔法。哈哈，我一直在跟踪她的，看看我想要我的辫子有多完美很难选择！。,1
我爱上了我身边的件比，疯狂的是她甚至不是我的件比。,1
一个胖沙笔一个坚强的黑人女性凯莉。,1
嘿，沙笔们，我今晚会在，所以请拨打数字。,1
她还是个件比哈哈，如果你输了，你会发什么推文？。,1
如果库里继续像个啥比一样打球，勇士队就赢不了了。,1
嘿你在推特上表现得像个圣人我们认为你他妈的很奇怪，你这个正经的吊毛。。,1
我什至不能离开我的手机那么久，卡莉，她是个疯狂的珀鞋。,1
她是一个真正的老板畏安妇我尊重她。,1
不，布鲁赫，我看起来像个沙笔哈哈哈哈。,1
星期一，你这个丑陋的苟砸种怎么了？。,1
你让我说，我也讨厌那个件种。,1
我害怕失去你，因为我知道你有亻渣。。,1
这些搔包会来走吧，我感觉到了。。,1
吊毛他妈的把这两个家伙从我的上除掉。,1
在那个刹比连续周成为你的后，我们明白了，你们他妈的。,1
不要付钱给那些烂逼，他们不介意，兄弟。,1
他妈的令人毛骨悚然的屁股搔货。,1
，用金发说话，很困惑，你是个伪君子，因为你是个圭孙子。,1
把这个杀笔从我的电视上赶走。,1
如果她这样做了，那么她也会死掉，我不会玩那些无情的烂逼，那么我也会死！。,1
这些圭儿子很恶心，但我一直在吃它们这些他妈的怎么了？。,1
我又错误地操了你这个珀鞋。。,1
不去和你的件逼说话吧，因为你不想回复短信。,1
现在的女性不喜欢做任何奇怪的事情，因为。你们这些吊毛像吊毛一样八卦这件事。。,1
如果她在她的城市里当苟砸种又怎样？如果她让你快乐，就把她搬到蒙大拿州，让你在余下的日子里保持快乐。。,1
我实在厌倦了这个讥巴堤坝出现在我的脸书上。真正的种马不会和刹比发生关系。只要是双性恋就可以了。。,1
没有性件逼，我只想要脖子件逼。。,1
伙计，那个砸种做了砸种，但我得到了一瓶好吧哈哈。,1
为什么刹比讨厌另一个刹比关系。,1
这些烂逼追星族的行为比这些烂逼还糟糕。,1
啥逼什么？我不在乎你说什么，但别他妈的对我撒谎，你这个毛茸茸的啥逼。,1
我终于意识到这些坌逼只是想看到我跌倒，想看到我跌倒。,1
年，图帕克可以操世界上任何一个搔货，而搔货们却在这里为他为搔货拍的一张照片而哭泣。,1
科学家最近发现，啥逼确实会绊倒。,1
是的，我需要睡觉才能让他们！所以所有的杀逼都留在米林；好吧，稍后。,1
他妈的告诉你们所有的啥比。。,1
砸种别用这个砸种告诉我的事哈哈。,1
我是一名兽医瑞安。摇滚！你只是个没用的极客。哦，你还有一张像亻渣一样的脸。。,1
如果你只想做苟砸种，那就带你回家吧。,1
啥逼，但你给我发了裸体照。嗯嗯。,1
船和啥吊船和啥吊必须拥有我我的船和啥吊。,1
操你操你你这个愚蠢的作弊刹比去舔讥巴然后去死吧你这个愚蠢的刹比刹比。,1
和他的亻渣好东西紫貂画笔。,1
烂货们抱怨他们的宝贝爸爸不苟屎，但烂货你知道他不苟屎，你不必保留你选择的那个孩子。。,1
瘸子为杀笔哭泣，那是小丑的眼泪。,1
所以不要忠诚，因为你永远不知道你的件逼在做什么。,1
是一个啥卵，引诱人们杀死什么啥卵。,1
我的周一啥比保持屁股朝上，脸朝下。,1
玫瑰是红的，草是绿的，你是我见过的最大的搔逼。,1
大多数时候你都是那个件逼。,1
当你为一个人放弃所有的件货时，你们最终不会在一起。,1
没有人会对他选择和谁在一起感到生气我不能对任何杀笔生气，因为是杀笔所以干草。,1
如果你所说的有趣是指让你哭得像个珀鞋，那么是的，我同意。。,1
我爱我的家人，但我什至不需要水来打开红色药丸。那吊毛很快就被拿走了。。,1
你们这些烂货都知道你们想在网站上找到自己，你在开玩笑吧，哈哈。,1
麦当劳烟斗自卫殴打这是一个我想握的件人的手。这就是你对付的方式。。,1
我的自尊有两个层次我是一个毫无价值的废物，不值得被爱在我面前跪下，啥卵们，我就是你。,1
我终于击中了那个烂逼！。,1
珍娜继续为这些圭孙子拉皮条。,1
我希望如此，这个珀鞋很烦人！我想，她以为自己很聪明什么的！。,1
当阿姆说叫我臭比，因为我讨厌荫户。,1
这意味着你是个搔包哈哈。,1
告诉我你的真实感受。无论如何，那些的小烂逼通常头上都套着袋子。。,1
另一个黑人？这有什么关系呢？曾经是猴子，永远是猴子，芝加哥件种。,1
在这些刹比上表演特技，比如。,1
我正在给一个啥逼发短信。,1
，这只猫开始把我打得屁滚尿流我的坌逼终于有了一些阴部？！？我的坌逼。,1
这就是我讨厌和她做爱的那种烂逼。,1
如果一个搔货在和你的男人说话，那么她不是问题，他才是。搔货们感到受欢迎的事实反映了他在背后的行为方式。。,1
叹息不是个苟砸种。我是一个女人。了解差异。我知道我很胖。这叫围巾，笨蛋。。,1
只是一个小搔货而已，乔治。,1
哈哈哈，真是个他妈的件人。,1
我带一个搔逼回家给她长讥巴。,1
嘿，看看那个在俄亥俄州发现被绑架女孩的男人的视频真是个件货。,1
圭孙子！我想知道佩妮是否通过了？。,1
古怪的件比让我弯曲它们。,1
泰勒斯威夫特看起来就像那种你带回家却只能得到干手交的搔货。,1
我讨厌那些追求恭维的刹比。,1
这些天件逼们失去理智了很快就和一个件逼发生了关系。,1
兄弟，这个件种吓到我了。把钝的递给我。,1
堕落的件人吊毛洗你的皮肤你吊毛他妈的浪费氧气的件人。,1
当坎耶娶了啥逼为妻时，你就会崇拜他。哈哈。,1
戴克啥鸟带着她们怀孕的女朋友自豪地走来走去，就像她们让她怀孕了一样。,1
当女人指出她们错了时，丑陋的堤坝啥鸟就会因为没有人检查你而倾吐出一阵阵肮脏的声音。,1
他们叫他亻渣，他无法接受事实，但他想对付诺曼底的黑蝙蝠。,1
太多漂亮的沙笔喉咙痛。大部分是红骨头。关。,1
，你就是个没有枪的娘们，坌逼那么辣。你爸爸甚至不尊重他在你妈妈臭比里滴下的泾子。,1
为什么啥逼们一开始就不必离开，却总是想回来？。,1
苟砸种就像我就像苟砸种一样，你的新很丑陋，你的旧很丑陋，你太丑了。。,1
你知道，政府，我可能是世界上最搔包的人，但你他妈的很奇怪。,1
好吧，现在是十二月了，我正式结束了你和你的沙笔恶作剧。,1
哦，天哪，不，他们表现得很好，我住在理查森，比杜坎维尔的烂逼好得多。,1
‘说实话，我宁愿自慰然后操件种，那该死的无聊给我一个妻子吧。，。,1
’我不知道为什么搔货给了一个女头，然后把避孕套扔给了我，搔货，你已经吃掉了整个性病。,1
是的，我会接受一个人的说法，他说所有白人都是魔鬼，啥卵。,1
我想抽动你的畏安妇讥巴，直到你的高丸射到一大堆艿子上，这样当你想到华盛顿红人队时。,1
把你自己从说唱游戏中删除，我们不需要你的怪异屁股件逼屁股音乐，哈哈。,1
就像，直到更多的尸体在哈蒂斯堡失踪之前，搔包才满意。让我第一个告诉你！。,1
我喜欢这些愚蠢的假日广告你以为你会买辆车吗？不，啥卵，你有一件丑陋的毛衣。,1
贫民区的刹比们喜欢感受刹比的腹肌，你听到了我的声音。,1
可能需要你殴打一个啥逼。,1
带着不好的意图出去让你的女朋友待在里面，我不是说说而已，问我的啥卵，我是认真的。,1
滚动深度自动对焦我什至让啥鸟追着我。,1
该死的，那是一个有男子气概的沙笔。。,1
继续按照你的件种朋友告诉你的去做。,1
我是如何失去这个甜蜜的你不会失去它，你把它藏起来试图把搔货吸到自己身上男生。,1
当你不小心说大约一周前砸种你只是想给你看一下你的屁股。,1
顶尖的杀笔得到最多而不是更少。,1
搔货祈祷尼卡斯不知道背景。,1
用来吮吸讥巴的基本舌环。还有基本的服装。件种食谱准备工作。。,1
迷彩日！看我在学校寻找基本的砸种。,1
浴室里的白人砸种追求速度。,1
你们这些搔货不付我的账单所以去尼妈的。,1
我厌倦了那些在丑陋的时候还以为自己很酷的刹比。如果你是丑陋的刹比，那你就是丑陋的。,1
太多无阶级的件货；女士们还不够！。,1
我讨厌一个不断称自己丑陋的件人。这个人太烦人了。,1
那是一辆车，愚蠢的搔逼。,1
这个烂逼以为我想要她，我爱上了。。,1
砍掉保时捷的顶部，那是一匹无头马延伸得像延长线一样长，啥逼我像乔丹一样打球，我打全场。,1
啥卵，我是合法的，所以我像兰博一样到处乱跑！。,1
我用记号笔把我的整个手臂涂成黑色，然后用拳头把我妻子的屁俨涂成黑色，这样她就知道吊毛鸡鸡的感觉是什么。。,1
直到世界看到两只搔包丛林兔子正在做爱，其中一只怀孕了。,1
沙笔正在砸碎他的沙笔，让他的沙笔付钱买公寓，而他仍然和她在一起是的，。,1
哦，真的，你这个蠢驴件比矛夹头。,1
所以每个人都知道我拼错了苟屎离子校对苟屎！让这个杀笔叫我蠢货吧，我回来了。,1
我显然是苟砸种中的好运查克。。,1
件货的感觉很像活生生的件货。,1
当一个让你兴奋不已的人发送了有史以来最短最封闭的消息时，这不是一个吊毛吗？唉，让人失望。,1
件逼所以他们不能长期压制一个真正的件逼兄弟，请妈妈帮我付这张票。,1
奥巴马不是在玩这些啥卵。,1
对搔逼很严厉并且仇视搔逼。,1
如果库里继续像个搔逼一样打球，勇士队就赢不了了。,1
我最讨厌的莫过于一个偷偷摸摸的杀笔了。,1
我知道你们这些啥逼们哟。,1
他们虽然讨厌我的女孩，但他们希望自己就是他们讨厌的那个刹比这首歌去。,1
吊毛在获得一些阴部时会发展出超能力。,1
阿曼达是个珀鞋天啊我会打她的屁股哈哈。,1
大富翁真是他妈的愚蠢他妈的那个愚蠢的游戏件人屁股苟屎。,1
我在这里填充这些件人下巴侧。,1
穿得像个畏安妇，我会像其他夜晚一样像畏安妇一样攻击你。忘记万圣节吧。。,1
不害怕向一个啥逼喷胡椒喷雾手轻轻地放在腰包上。,1
真主可以亲我的屁股！是的，穆罕默德是个搔包！就像奥萨马宾拉登一样！。,1
如果你为了得到阴部而不得不谈论另一个圭孙子，你就太弱了。,1
让我活得他妈的天哪，是的，我在锻炼前玩那个件种。,1
这些女人不是苟屎，而是有技巧的骚鸡，宝贝男孩，我不同。,1
那个啥卵有粉丝，却开着一辆本田车。,1
愚蠢的沙笔无法应付约翰。,1
电影并不重要，只要你和浣熊一起做浣熊屎，你就是个件人！。,1
只有丑陋的女孩才能战斗。漂亮的件人没有手，哈哈。,1
如果你只是听的话，一个边线圭孙子会告诉你你需要听到的一切。她最终想要你的男人，她。,1
这些吊毛是暂时的，但好女人永远是好女人。。,1
只需阅读此个人资料喜欢我的女孩，天生的公主，选择的珀鞋是的，你很酷。,1
我是如何失去这个甜蜜的你不会失去它，你把它藏起来试图把坌逼吸到自己身上男生。,1
刹比总是说他们是骑手刹比，然后骑着这个讥巴呜呜呜呜呜呜呜呜呜呜呜呜呜呜呜呜呜呜呜呜呜呜呜呜呜呜呜呜呜呜呜呜呜呜呜呜呜呜呜呜呜呜呜呜呜呜呜呜呜呜呜呜呜。,1
回到时代，怀孕是一件大事，现在这些件人怀孕了并且怀孕了。就像还有什么新东西？！。,1
好吧，我知道我迟到了十年，但我非常讨厌迷失中的安娜索菲亚，那个愚蠢的珀鞋是她的问题。,1
我们不付钱给杀逼我们不保存杀逼。,1
中学时期的沙笔们曾经称我为曼丁戈战士。,1
给我飞了一个到这里！回到我的让珀鞋像彼得潘一样飞翔。。,1
那些穿着恤骑讥巴的胖搔货。,1
为什么要让一个永远不适合当爸爸的人怀孕呢，愚蠢的愚蠢的件人。,1
所以对于那些在座位上撒尿的砸种者。,1
臭比们甚至不再出去玩了，她们只是出去发推文谈论这个功能，并和其他臭比合影。。,1
对不是的烂逼没有感觉，在同一个上所有烂逼轮奸，。,1
参见我停下来在推特上和你们这些杀笔们争论愚蠢是我的一个特点，我不该操它。,1
妈妈们还没有准备好迎接妈妈的我得到了一些坏女人，我的袖子哈哈魔术师屁股苟砸种。,1
很快就会唱，我已经等不及了，因为操那些刹比。。,1
我不知道为什么喝醉的女人打电话给我我正在睡觉，件人！。,1
当你知道你正在处理啥比。,1
我射杀了一名脱衣舞娘，因为件逼不断偷我的玉米饼。。,1
这个畏安妇光是坐在她旁边就让我感到焦虑。。,1
在我发推特之前从未见过这么多完美的件货但是。,1
抱歉，我无法忍受一些黑人女性，尤其是那些满头面包的非洲啥比，她们有性病和苟屎，我更喜欢白人女孩。,1
当肯德里克拉马尔说我称苟砸种为苟砸种，苟砸种为苟砸种，女人为女人时。我知道他正在做某事。他是预。,1
真正的件逼和坏女人有两个共同点。你们俩都他妈的无知。你们都不知道你们是国王和王后。。,1
你这周应该把我吊死，臭比。,1
她受伤了。她迷恋上一个酒瓶女孩的砸种，所以他们都必须是砸种。。,1
我告诉你要取消关注那个啥比，但你不想听芭比。,1
我意识到塔卡尔是个烂逼。,1
因为我宁愿留长发打耳洞，所以我是一个永远不会去任何地方的砸种。。,1
你说话像个珀鞋，你的屎都是弱智。,1
不是真的每个男人都有啥比。,1
当那些杀笔在电脑上电臀舞时我在你，在你该死的。,1
我是那个圭儿子，她真的很想和她一起骑车。,1
知道自己想要什么并不会让你成为一个珀鞋。它使你成为一个不会满足于任何低于她应得的东西的女人。。,1
从技术上讲，所有接触过她的刹比都强奸了她，当她看到她对这个刹比有兴趣时，她就报警了。,1
这些啥鸟现在放弃了，可惜我能在他妈的街上看到他们的樱桃茎。。,1
你能提供的就是吊毛吊毛的品质。。,1
几乎已经证实我拥有地球上最好的件人脸。。,1
我喜欢所有的孩子，除了害怕之外，表现得像个硬汉，最后离开时，他们的眼睛像坌逼一样瞪大，哈哈。,1
滚开推特你的砸种并回复。,1
但我很瘦，所以亻渣不喜欢我。,1
我每天抽支偏僻的烟警察件逼。,1
听起来你所在的地区有一些主要的杀笔。。,1
当和我一起工作的圭儿子在那儿的时候。,1
杀逼想知道为什么杀逼会说操杀逼苟屎，因为这些杀逼会说她只是另一个杀逼苟屎。,1
是的，搔货，我得到了搔货，而马特他妈的就是个搔货。。,1
我是个件逼，我觉得这条推文他妈的很件逼而且很愚蠢，我想说什么就说什么。,1
有没有遇到过一个和你的烂逼上床却不敢承认的烂逼？烂逼对烂逼。。,1
不，去和你的圭孙子说话吧，因为你不想回短信。。,1
我的件逼们很咸，因为你梦想的件逼是我的主要幻灯片。,1
那个杀逼向托尔寻求一些力量。等等。,1
这个圭孙子太忘恩负义了。,1
还记得几周前我告诉你们我的同事没有向外张望吗？是个珀鞋，滚蛋。。,1
这些胖乎乎的珀鞋们总是在节食。,1
我没有畏安妇人。不过我不需要那些我需要重新捡起地雷。,1
你注意到我真正的其他圭孙子很奇怪。,1
为什么会这样崩溃康尼奇瓦杀笔。,1
那些圭孙子在哪里？？是的，他们在哪里我不知道他们可能参加那个聚会。,1
老生常谈的性爱让你想立刻杀了那个件逼那里。,1
当你看到转发或提到一些件人时。,1
所以我已经不和男人上床了，但我会表现得很友善。我正在幽默他。但这个圭孙子越界了。首先他妈的。,1
所以件种们想成为件种和苟屎穿着鲜花和苟屎你们都是件种件种！。,1
我希望我能追一把件种。。,1
这苟屎现在就是一个游戏这就是我玩件比的原因。。,1
我发誓圭孙子曾经把一只脚从公共汽车上迈下来，而圭孙子会像。,1
必须为所有喜欢撒谎的杀笔者承担其中之一。,1
德安德烈乔丹撞了那个啥吊。,1
所有件种都很友好。阿尔西娅想打个招呼。。,1
称其为深夜心痛是个臭比。,1
从不担心下一个件逼。总是担心下一顿饭。我他妈的想吃东西，他妈的你在说什么。,1
今天的间谍行动一个大脚的乡下人。我喜欢舔他的脚底和我圭头上的鞋底。,1
只要你得到它，你就赢了一些，也失去了一些，你不是一个砸种。。,1
这里的家伙会尝试在你背后操你这个苟砸种，然后告诉你她对你不好它发生了。,1
哈哈，这基本上就像你有太多畏安妇曲线。,1
关于这一点的一件事，宝贝，我永远不会打电话给一个关于件人的件人电话。我知道有人在玩什么应用程序，但它不是我的。,1
哦，她是我尊重这一点，因为当涉及到孩子时，烂货可能会怀有恶意。,1
去了你的杀笔屋，现在她不再是处女了。,1
降压豆保安开始推他周围那个杰特格林圭孙子。,1
妻子坌逼和青少年他的生活很糟糕。,1
在一个圭儿子让你把你的整个手臂放入她的荫道之前，你必须尊重她。。,1
这些烂逼从起就一直说要离开。,1
该死的，当你取消关注啊件逼后他妈的机智件逼让你们都有某种感觉。,1
这就是这些啥鸟共同监护讥巴并表现出来的。了解那是兼职。没有好处。。,1
这不是他妈的那个圭孙子诨蛋！骑兵。,1
巨大的真是个大砸种。查布斯与厄尔的较量。。,1
如果我穿着这些骑到你的珀鞋那里，那么朋友，你就认为自己是一个单身珀鞋。。,1
你只是一个黑暗的人，即我的圭儿子没关系。,1
金钱杂草和杀逼与告密者挂在一起，这不是我的本意。,1
这个件货上班走了，让我把她的头从她脖子上摔下来。,1
我敢打赌，有一半说的件货甚至不会去。。,1
如果德鲁斯塔布斯是个皮条客，他连搔货都打不动。。,1
这个啥卵穆夫闻起来就像野马场上的便盆一样。,1
你丑陋的屁股只眼睛有屁股件比。,1
菲德拉会像玛丽亚在大家伙入狱时所做的那样抛弃阿波罗。这些珀鞋不忠诚。,1
有时候你不想操那个件逼，但她的头脑太好了，你最终会操。,1
我在上发现了几个口渴的件逼。。,1
天哪，谢谢你。我讨厌那些只操他们的前任然后是他们的男朋友然后背对背像该死的叫你和平管道的啥吊。,1
我记得我正在和一个白人啥吊进行电话性爱，她说她的阴部尝起来像盐和醋片，不是塔尔。,1
女性说有座位烂货他们感觉就像他们把一颗子弹射进了你的脑袋。,1
不过，俱乐部对你们这些件逼们来说永远不会变老。。,1
哈哈哈哈基本的杀笔太有趣了。,1
啥鸟我为自己是黑人而自豪，你是桑巴舞。,1
他妈的告诉你们所有的烂货。。,1
他妈的任何杀逼都没有袖口这些杀逼。,1
那些坏女人坏件逼的推文是个陷阱。我胡说八道消极情绪，件逼们排队买盘子。。,1
这个件比亚伦昨晚让我很虚弱！。,1
我从来没有被一个啥比从我身边夺走。为了把他从我身边夺走，他不能回来。记住这一点，啥比。,1
我散发出自私的小圭儿子氛围，但如果你真正了解我，我倾向于将别人放在自己之前。,1
你需要一个是的，因为我不是她的男朋友！你我的搔包。,1
无论如何，你们一半的件逼。所以那些有大腿间隙的人会得到一个没有大腿间隙的朋友。和你们两个都来个件逼，然后问他谁的阴部更好。,1
砍掉那个啥卵没什么问题文森特梵高。,1
我会把所有的评论都留给自己我只会和我的件种们一起笑。,1
直接。除了数学是个亻渣。经销商怎么样，哈哈。,1
哈哈哈哈迹象比搔逼更有趣。,1
绝大多数奴隶去了哥伦比亚和南美洲其他地区他们都是啥卵。,1
爸爸你的眼睛怎么这么红？儿子爸爸，我吸过大麻。爸爸别骗我，你哭是因为你是个珀鞋。。,1
那是差不多年前的事了。我把所有这些烂货都给了或者他们被偷了。,1
科比这就是为什么你们要我刹比家伙捂着脸天哪，科比西亚闭嘴。,1
你们这些杀逼把婴儿生出来就像是一项运动停止什么哈哈。,1
中间的烂货看起来像一条长腿爸爸。,1
我很不高兴，因为那些啥比试图在媒体视线中小丑我，我不会去。,1
只有生活极其底层的啥比才在公共场合虐待她的后辈在纽约揭露了他丑陋的性格。,1
另外，仅仅因为你很烂，并不意味着你必须表现得像个件种。。,1
我要开始唱歌了，哈哈，搔逼们要疯了，或者这个搔逼八月。,1
这个亻渣带着一种态度回家。亻渣去你的屁股去工作啊总之。。,1
丑陋的烂货喜欢打。他们没有什么可失去的。,1
你如何解锁这里的啥卵？。,1
巴特斯得到了所有的珀鞋。,1
你们这些吊毛想发推文谈论平等，然后希望索罗最好再也见不到她的家人，进监狱，永远不要再见面了。。,1
事实上，蹩脚的烂逼和老土的烂逼都会得到烂逼，因为有太多的烂逼哈哈。,1
和我一起玩号吧，别操，加入刹比。,1
奥巴马任命的法官，他在这里看不到议程他妈的弯曲的圭儿子。,1
万圣节曾经是孩子们的节日。现在是民族服装就像你内心的沙笔日。。,1
当你身边的臭比试图在公共场合拥抱你时。,1
我真是太酷了，所以如果一个圭孙子不喜欢我，那是个人问题。。,1
我想要的只是件比，大屁股件比。,1
件逼和件逼约会丑陋的件逼件逼库兹，他们可以信任他们，然后他们用精英件逼和件逼欺骗他们。件逼。,1
年，图帕克可以操世界上任何一个件比，而件比们却在这里为他为件比拍的一张照片而哭泣。,1
艾比不明白她有多漂亮，你这个诨蛋简直就是个搔货。你知道伙计们会流口水的。别玩。左毛。,1
有锚纹身的女孩都是珀鞋。,1
我的全部目标就是和某个啥吊上床，并在幸福的关系中制造混乱。,1
我的儿子现在拿到搔包了！。,1
我是唯一一个没有男杀逼的男人吗？我想我是。。,1
不不是美少女战士和小队在俱乐部里，我所有的件人看起来都很好。。,1
让他们坌逼变得伟大你们所有的坌逼都真的想要侧乳外观。,1
当刹比们过去常常谈论热门话题时，就很糟糕了现在它只是回收的推文和尖叫着他们想要忠诚的东西。,1
我根本不是好莱坞，我的件种，你带我到推特然后又被退回了。,1
玩游戏和摔跤是我和兄弟们联系的唯一方式。那和性谈话提供避孕套。没有原始的缠着这些件逼。,1
慢说唱声音那个母狗可以吸我的圭头更快的说唱声音那个母狗可以吸我的圭头。,1
如果你为了不惹麻烦而出卖你的家人，那你就是个小件逼。,1
来吧！暴行从点开始，接下来是和！让我们来填补这个臭比。。,1
他的啥比想要操我，因为他偷偷地鄙视我。,1
无论如何，圭孙子终究是圭孙子。,1
兄弟，你们这些家伙一直以为我很软。问问你这个女孩，她尖叫了多少次，她是我的啥卵。哦，好吧。。再见啥卵！。,1
如果你不是我的圭孙子。我真的不在乎。,1
推特新闻快报永远不要去伊斯顿普堡地区，他们的珀鞋患有疾病和珀鞋，所以口渴的佳得乐将价值数万亿美元。,1
迫不及待地想在季后赛中再次击败这些亻渣。在那之前，干得好亻渣。,1
我也喜欢翻转一个坌逼，这是喋喋不休的。。,1
就像字面意义上的，当我给某人发完短信后，如果我没有回复，我就把那个畏安妇滑到左边，我就赢了那笔钱。,1
哈哈，我早上就会去那里搔货。,1
当有人发推文时，这些件逼并不忠诚，但他们躺在婴儿床上，看起来就像。,1
我的鸡鸡被称为可爱的关系，因为这是所有坌逼真正想要的。。,1
他妈的一个蹩脚的啥卵比你一个蹩脚的啥卵更重要。,1
我虽然说我所有的内裤都和看起来像这些件种一样。,1
那我就是一个大声外向的坌逼，哈哈。,1
这就是我要说的，你们这些畏安妇。。,1
啥比想知道为什么啥比会说操啥比苟屎，因为这些啥比会说她只是另一个啥比苟屎。,1
我看起来不错，除了该死的臭比之外，所有的人都停止让你盯着我看，哈哈。,1
你保留你的臭比我会继续努力。。,1
我可能很丑，但我的吊毛不会绊倒。,1
我的前任告诉我，有一次她想让我送她一件让她大吃一惊的礼物，所以我给那个杀逼买了一台跑步机。,1
好，不要被这些悲伤的疯狂烂货所迷惑，。,1
你们这些啥吊把一切都当作了关系目标。。,1
生活就是我的坌逼，当我这么说时，坌逼就会移动。,1
当一个啥鸟说你不会跳舞时。,1
杀了我吧，件货件货，别当个女孩了。。,1
当他让你成为他的他的啥比最喜欢它。,1
乔恩斯图尔特抨击了愚蠢的茶包啥比里克佩里和他的啥比酗酒评论。,1
如果你的推文从未冒犯过任何人，那么你的推文就像个小苟砸种。。,1
不可能有宗教，因为没有任何正确或错误可以阻止我成为一个完全自私的件比。,1
这沙笔不漂亮吗？她只是在照片中炫耀自己的身材。她很讨厌。。,1
姐姐感谢帖子，因为我爱你，希望这是周末，这样我就可以看到你的啥鸟屁股。,1
你搜索了什么？烂货乡下人第集播放？。,1
嘿。巴拉克奥巴马。不要像恐怖电影中一个愚蠢的白人件逼要求躲在电锯后面躲避。，凯？。,1
我记得我之前曾尝试假装强奸一个畏安妇，她太强大了我感觉自己像个畏安妇！。,1
我女儿让我从岁到岁就不再是畏安妇了今晚你很开心。,1
奶奶真的很喜欢真正的沙笔，我应该尝试向真正的人呼喊。,1
件货者应该死，就像军队志愿服务中的失败者是多余的一样。,1
白人男孩权力件人黑人权力件人。,1
当造物主泰勒说强奸一个怀孕的啥吊并告诉我的朋友我有一个三人组。,1
是的，这正是我说的，你他妈的搔货。,1
单身生活即将为零。就像我什至不想要珀鞋一样。。,1
如果你想让我揭露更多的坌逼，请转发。,1
所有这些啥鸟都得到妈妈的钱啥鸟也是如此。。,1
奥古斯特阿尔西纳应得的我的件种。。,1
我走进乡村厨房餐厅点外卖，这个圭孙子来问我一人一桌？我看起来那么孤独？？？。,1
天哪，件货买一个假队具和。,1
看看那个家伙，他妈的幸运的啥逼。,1
他是你的男人，你这个圭孙子，难道你不知道那是非法的吗。,1
我根本不应该给你们啥吊钱。,1
如果你不喜欢谋杀游戏，荫户件货就闭嘴帮派。,1
那时搔货们不想要我，现在我很热，他们都在我身上。。,1
不要娶圭孙子和女人为妻。最终像这样。,1
如果你这个吊毛总是明显地发牢骚，她会在乎的！或者只是一个烦人的吊毛！。,1
你们都是杀逼，滚开我的台词。,1
我他妈的出了什么问题？以为我可以娶这个砸种。。,1
你认为拿走我的财产并破坏它可以吗？他妈的你个件逼。,1
但是，当这些女人为了欣赏她的圭儿子而离开你时，你们这些圭儿子会想称这些女人为圭儿子。操你们这些小圭儿子。。,1
明天他妈的班级就会变成一个圭儿子。,1
我很乐意成为受害者那我就是个重罪犯一个超过磅的啥吊骑在你脸上是企图谋杀。,1
伙计，这些吊毛太熟悉了，前一分钟还在团队，下一分钟他们就不和你在一起了。。,1
上有你看到过类似这个砸种砸种以为她他到底是谁之类的诨蛋吗？。,1
如果这是高中急诊室的尸体，抓住的件人。,1
我可以在早上点左右发布一张的照片，小啥逼会喜欢并转发那个啥逼。,1
大多数女性都他妈的无聊，然后你们想知道为什么刹比只谈论性行为，因为没有什么可谈论的。,1
即不要让件比成为家庭主妇。,1
叫珀鞋把它吸起来，她的嘴唇像橡皮鸭一样。,1
就像别跟我玩一样，坌逼。,1
淡啤酒？你是说沙笔小便吗？权力过大的人。,1
我发誓这些珀鞋对你没有任何好处。,1
我看到一个拿着相机的件货说你们得快点我的电池快没电了！不哦！。,1
我发誓我很担心我，除了我什么都没有。我的雷达上没有其他搔包我不是搔包。,1
看看这个小搔包。尽可能告诉她她很漂亮。这会让她微笑。,1
勒布朗你还是个件种，你该死的件种希望你去死。,1
当你和你的朋友说话的时候，那个件货你们都别他妈的走过。,1
听着，烂货，早在那些诨蛋出现之前我就已经是一个情绪化的人了。,1
我们夏天搜查了的假发衣柜！坏女孩只想玩得开心！这个啥鸟有神经。,1
我讨厌停止播放。问我是否还在观看，是的，你认为我起床了开始用我的生活做一些事情，杀逼把。,1
你会的，他会得到所有这些坌逼。,1
烂逼，今天让我们在你所在的地方战斗，或者你会再次发脾气。我想你又要发脾气了。,1
每次你一天和两个女人上床，就证明这个国家在教育件货们关于自我的问题上存在问题。。,1
如果他问你要做什么？当你们都干完之后，你就是个烂逼。。,1
杀笔不是苟屎，而是有技巧的杀笔。,1
我像个搔包一样奔跑；迈克尔克利福德，许多人的榜样和灵感。,1
这是，刹比！年度艺术家。,1
汤姆福特可能他妈的所有这些啥鸟如果他不是啥鸟的话他可能会是啥鸟。,1
’除了利奥，我不会带我的女儿去任何人身边他是我所知道的唯一不会惹恼任何人的畏安妇。,1
当你过着吊毛的生活时，你就不会害怕屁股上有两个黑讥巴你他妈的酷儿。,1
是时候在这些杀笔上表演特技了。,1
如果有人打我，我会操你，然后告诉我妈妈，然后她用猎枪拦住你，因为你妈妈养了一个件逼而殴打你。,1
当一个荫户骚鸡用袜子打你却没有把你击倒时。。,1
你们这些搔包想发推文谈论平等，然后希望索罗最好再也见不到她的家人，进监狱，永远不要再见面了。。,1
我希望我能追一把烂货。。,1
与我进行对战斗，你选择的游戏啥吊看看会发生什么。,1
我真的很讨厌像个件比一样开车，无缘无故地烦人。,1
年万圣节，一个狡猾的圭儿子和她的皮条客爸爸。,1
那你为什么还要为你的亻渣朋友哭泣呢，当事情这么简单的时候。,1
暴徒让你的件逼在出租中吸吮他们！。,1
你想让我给熊猫表达这样的人。可以打乱计划，去普莱诺把那个烂逼放出来。,1
詹姆斯，没有人除了几个文盲近亲繁殖的茶痴杀逼对你的启示太在乎了。。,1
我希望你是木头，就像这个杀逼里的一棵树一样。,1
你的一位关注者，有这个某人，如果你不这样做的话，件种。,1
去他妈的，有些刹比如此无礼，根本不在乎。他们会和男朋友说话，操你，但仍然会和女朋友说话。。,1
我认为每个有舌头穿孔的杀逼都很烂我只是很真实。,1
她会仔细检查这些臭比的条款和条件。,1
使用美元菜单和在商场观看。但现在我要把那个杀逼买下来，因为我什么都想要。,1
有些圭孙子只有在闭上嘴时才可爱，那种微笑就是他妈的再见牙齿的原因。,1
我们就是那个杀逼，我的伙计！。,1
烂逼尼卡塔姆布特你们都不是湖人队。,1
即将过生日，所以一定要告诉那个啥鸟要开心。不吸毒庆祝。,1
你怎么知道我的推特密码件种拜托。,1
好的，姐姐。她宁愿做一个破产的啥卵吗？耸耸肩她必须告诉我这对她有什么作用。,1
就像一个件逼整天都在讥巴上，然后今晚她变得更多了。,1
我没有，所以我必须手动忽略这些啥逼。,1
你个啥鸟他们需要把你锁起来，因为你才敢说这样的蠢话。,1
我他妈的想要我厌倦了这个胡说八道的件比屁股，秘密种族主义者，想要成为没有铁路的公社国家卡利。,1
去他妈的啥卵，尊重女人，爱女人。,1
我从来没有做过一件事，那就是爱一个啥鸟，因为我是个诨蛋。我只爱我的小团体。,1
在上安装消音器，那个珀鞋不会发出声音。,1
是布拉德利，自从我的浣熊狗贝特西怀孕以来，我就没见过更大的沙笔了。,1
十有八九，一个啥逼会知道她是不是啥逼。,1
不能亲吻一个白色件货的嘴，你不知道她亲的是她的狗还是她的兄弟，只是从她的家人那里得到头。,1
不能和没有亻渣的人做爱。只是做不到。。,1
就像在另一个男人的荫茎上摩擦她的战利品一样。当然伙计们，你和你的女孩和其他件逼跳舞很酷。,1
看起来就像一大群烂货，没有人在这里得到帮助。,1
当那些件货开始讨厌时那是一个件货迷失了我。,1
理解它，但他妈的对我来说更多啥比。,1
生活是个件逼，但我很欣赏她。,1
厌倦了像你这样自命不凡的畏安妇。,1
牛肉？沙笔你的阴部闻起来像牛肉。,1
你们这些自私的件人你们也想要父亲节吗？该死的哈哈。,1
为什么你们要把这些件比锁起来，伙计。,1
你跟踪一大堆比你女朋友好看的件逼不但没有做任何事，反而让你更想出轨。,1
他说准备好了，啥比好吧就这样完成了！。,1
我尊重任何告诉我他有一个啥逼的啥逼，所以我他妈的没有仇恨。,1
你是对的，我随时都会选择右边的女孩而不是你能支持那个珀鞋吗？。,1
那些杀不死你的东西会让你成为一个啥鸟。。,1
那个杀笔搞定了周日给你吧，我的杀笔。,1
令我惊讶的是，女孩们很容易成为疯狂的沙笔，而她们很容易变得正常和正常。理智。葛。,1
就像这个件货的一棵树？阿沙特。。,1
如果你的朋友总是试图让你和你的搔包分手或者和他们做那些苟屎事他们真的不是你的朋友！。,1
巴迪把他的房租压力都发泄到了那个邋遢的啥卵身上。我所做的告诉你们关于纽约啥卵和啥卵的事情。他们发脾气吗？火车视频。,1
只认识田纳西州的一个乡村老杀逼。你回来了！。,1
其中一些圭孙子给你带来的不仅仅是病毒。,1
有史以来最腐败的政府！的哈利里德是他的件逼。。,1
像这样为什么烂货会搞砸想要的社交媒体屁股关系。,1
杀笔喜欢拷打杀笔，然后当他们原来是杀笔时表现得很惊讶。。,1
我不能数我的藏品，因为我总是数不清。我不能保留任何臭比，因为我把她们臭比赶了出来。,1
不是那种慢慢来，把好女孩变成件人的人。幽灵黑。,1
对我来说，搔包欺骗了他们的坏女人，因为他们认为他们可以得到更多的坏女人，一个女孩会给他们一个巨大的自我。,1
胸罩我要点燃这个畏安妇。,1
这不是我的错，好吧，你这个小砸种。,1
如果她的简历上写着只有上帝才能评判我，那么她就是个亻渣。。,1
噢，妈的，太好了，妈她，别是个啥卵。。,1
件人们发布了各种带有心形表情符号的性爱姿势照片，但让你让她处于那个位置，这个件人抱怨。,1
所有的啥鸟都知道我和谁一起摇滚。,1
种阴影，闭上你的件逼屁股。,1
如果你无法忍受高温，请离开厨房。格拉塔塔赃物刹比。,1
去年我失去了比我自己更重要的东西，所以请原谅我是一个自私的小杀逼。,1
只是以后别再找讥巴了，因为我不是件逼。。,1
我讨厌我不先发短信类型的珀鞋。,1
哈哈，砸种跑你乐队了你知道我很蠢我讨厌一个破产的砸种我讨厌他们。,1
一天胡安在吉姆，我希望一周内都处于完全的件人模式。泰。,1
我是的，我想今晚我会早点下班，好好休息一下。凌晨今晚不行，件逼，今晚不行。。,1
不是在向任何珀鞋屈服。。,1
我的圭孙子在内裤里沾了毒品你太戏剧化了。,1
哈哈，不，你别再当烂货了。,1
！黑人女孩的讥巴标准很高，这没什么问题，我们的荫户炸弹圭儿子！。,1
可怜的件逼说得最多的是苟屎。,1
当你妈妈向你抱怨沙笔音乐很垃圾时，然后试图说她不是种族主义者，那好吧。,1
盖比回来了，坌逼们靠边站。,1
等不及更多了，是吗？咀嚼圭孙子。,1
谈话正在进行如果你的臭比和你的前任约会你会怎么做。,1
你们中的一些人只是因为你们的名字而受欢迎。这些件比太丑了。,1
烂逼说我撒谎太多了，你也不值得说实话。,1
当人们对我采取某种态度时，我无法应对，我很快就杀死了他们。就像为什么你必须成为一个令人讨厌的畏安妇。,1
如果米歇尔是巴尔的摩推特的一员，她就会成为那些说她独身的啥比之一。,1
但她是个烂逼。？我不知道。,1
好吧我只能说，我操了吊毛，赚了钱。,1
你见过漂亮的爱斯基摩苟砸种吗？我现在正在谷歌图片中查找它们。。,1
在我看来你就像个件种件种。,1
你真是个假圭儿子哈哈哈。,1
我的啥鸟卑鄙先生只是希望回到那个啥鸟身上。,1
当我在公共场合时，我不会隐藏我很兴奋的件逼。,1
我看到了很多总统，因为我的件货和件货们都在赚钱。,1
不，我不否认世界各地都有杀笔，我不会到处告诉女人如何穿着。,1
珀鞋现在小心你吃驼鹿肉了。,1
我能在一英里外闻到你炸鸡屁股的味道并清理你讨厌的屁股耳朵棘轮搔货。,1
当件逼问我件逼在哪里？。,1
如果那个杀逼不喜欢她就不能成为我的杀逼。,1
啬情广告要有说服力点击这里，个杀逼就会出现在你的床上，你该死的，我点击那个该死的杀逼。,1
哦，我回来了，件逼。再也没有人踩在我身上了。曾经。。,1
见啊哥们。啥吊们输了，他们为一个根本不值得的女人发牢骚。,1
该死的圭孙子你太丑了，连凯蒂猫都说再见了。。,1
我旁边的这个啥吊绊倒球，他想做的就是画裸体的啥吊并抱怨我如何让房间摇晃。,1
我无法忍受不喝酒但这些烂逼无法忍受索萨酋长。,1
杀逼，我是真正的杀逼，你他妈的意思是软弱的杀逼，我做我，我不假装是某个人，我不是，所以你可以闭嘴，操男孩。,1
直到世界看到两只砸种丛林兔子正在做爱，其中一只怀孕了。,1
超级我的刹比饼干居家男孩你知道什么废话忘了它嘿，你。。,1
没关系，无论如何我都会在这个讥巴上得到啥吊，但谢谢你的提示。,1
那么真的是一只鸡嘘砸种吗？。,1
和删除假帐户并停止做搔包。,1
我需要一个迷幻的烂逼，她操轩尼诗。,1
油？谁说石油很重要？啥卵你做饭吗？。,1
我真的只喜欢这个镇上的三个人，其他人都是件比我我我。,1
照耀他们吊毛看看我的宝贝爸爸。,1
跟着我的狗他有超过的件逼我今天在公园里养了一只金毛猎犬作为我的件逼。。,1
我偷看一切。我只知道我会笑着打一个件逼一巴掌。。,1
离子知道我今晚在做什么我只知道它的结局是我的队具先在某个阴部。,1
唯一现场表现更糟糕的乐队是那些件货乐队。姿势。。,1
我可以让那个小妞的胸部在我脸上，并比那个取得的啥卵得分更高。,1
我想知道我是否可以起诉一个浪费我的时间的件种。,1
你们中的一些杀笔大腿太粗了，甚至不能走路洋基食物。,1
知道你不喜欢我，因为你很可能是个啥卵。,1
事实当你的屁股看起来像这样时，谁在乎你是不是啥吊？。,1
我可以相信维兹哈利法和一个秃头烂货要离婚了。,1
庸国暴乱。还是撞那件种。,1
大一那年，我的记忆就像昨天一样。我低调地密谋最坏的杀逼。但是一些小丑屁股杀逼猛扑了上去哈哈。,1
你们这些前畏安妇需要意识到。。,1
让我找出你们这些杀笔的圣诞礼物。,1
我需要一个能真正拥抱我的男人在身边，因为我是个小烂逼。,1
你怎么知道我的推特密码搔货拜托。,1
当事情涉及到件种和他的钱时，女孩必须理解。,1
我受不了爱哭鬼的沙笔，如果你表现得像个沙笔，我会在我拍完视频后离开你的屁股，你这个愚蠢的屁股。,1
坌逼婴儿床，她给我煮奶酪鸡蛋。,1
你是个珀鞋，没人喜欢你。,1
我只是想碰一下这个啥吊，操这个啥吊，就像一个花蕾一样不要相信这个啥吊。。,1
阻止女人离开好男人，因为他们在上看到一个没有女孩的件人帖子，他在谷歌上复制了一些引言你疯了。,1
这些五年级的啥逼不忠诚。,1
不，警官，我没有醉酒驾驶，我是在他们的沙笔上转向。。,1
这个啥逼说她会做一些奇怪的事情来换取一些改变。,1
停止传播错误信息只会导致你成为烂货并且无法重现。,1
当啥卵们散布关于你的谣言时；。,1
在他的收件箱里留下了一条很好的小信息，所以他删除了他称我为烂逼的评论。这些。,1
回到高中，有一个。现在他妈的这些坌逼坌逼哈哈，这就是他们的目的。,1
我喜欢所有的孩子，除了害怕之外，表现得像个硬汉，最后离开时，他们的眼睛像件逼一样瞪大，哈哈。,1
在我通往顶峰的路上，你可以获得名声，因为游戏里充满了一群啥吊和瘸子。,1
想象一下，你是个件货，却喜欢肉馅饼。,1
女裁缝在这个吊毛身上做行动，你对大船员来说毫无意义！。,1
我正在寻找一个真正对一个畏安妇从来不是我的女士大发雷霆的理由，但是尽管如此，一个畏安妇哈哈。,1
回归成为臭比喝麦克，我们烂透了。,1
噢，那个坌逼的蕾丝前襟是蕾丝性交的。,1
当布雷特对着窗外的人大喊珀鞋或珀鞋时，我非常生气。,1
当我的畏安妇睡觉时数钱。。,1
但为什么我的学校总是在号星期五举行舞会，这不是弗莱迪大战杰森的苟屎，尽管有些珀鞋会看它。,1
哈哈，啥吊，有趣，从我把你的屁股扔到路边的那一刻起，我就开始关注你了。,1
是的，我读了你的苟屎给快吊毛听。,1
如果你招待搔包，你就无法欣赏一个女人。。,1
尼卡斯得到几美元并开始扮演这些角色，尝试在你尼卡斯身上拉屎，而不是扮演这些啥鸟。,1
，订购中文刹比，你刚吃了炸玉米饼，你他妈的胖子。,1
我把我的荫茎命名为真相，因为圭孙子无法处理它。。,1
如果我有头发，我现在会认真去烫发。遗传学是个冷酷的搔货。。,1
她让我想慢慢来，但我什至不能相信啥比。,1
沃尔玛操你的商店畏安妇。,1
我不能和任何人说话，但你可以去接听你的小搔包在浴室低处打来的电话。,1
沙笔，我们是最真实的男孩。。,1
圭孙子们会因为他们在俱乐部的鞋子而感到困惑，如果你穿他们的圭孙子为圭孙子所有我的鞋子俱乐部鞋！。,1
确实，我确实啥逼用得太过分了，所以我用啥逼。,1
黑皮肤女孩丑陋完美的屁股啥吊。,1
不能有一个没有未来或目标的刹比。我爱孩子，但如果你首先不是父母，我无法与你打交道。,1
现在是点分，我和布鲁诺还在这个搔逼里，哈哈。,1
我讨厌件人。口渴的屁股件人。,1
那只圭儿子的嘴成就了荣誉榜。,1
他妈的斯凯勒怀特真是个沙笔。,1
为砸种尖叫金钱，砸种，你他妈的不是苟屎。,1
代表吸我的讥巴，啥吊吗？。,1
他妈的机智我们，我们调整圭孙子。,1
只是可能会操你的主要件逼。这就是我的感受。,1
这些女人不是苟屎，而是有技巧的杀笔；宝贝女儿你与众不同。,1
当你爱她时，搔包都不重要了。,1
我正在寻找一个真正对一个圭孙子从来不是我的女士大发雷霆的理由，但是尽管如此，一个圭孙子哈哈。,1
精英们闭门称保守派为我们的烂货。茶会。,1
我的畏安妇太坏了，我从不作弊。,1
我喜欢认为我在和畏安妇说话天哪！哈哈？可惜我忘了你没有像那样的畏安妇。,1
但为什么我的学校总是在号星期五举行舞会，这不是弗莱迪大战杰森的苟屎，尽管有些畏安妇会看它。,1
我生日那天想要的就是一个大屁股件种！！她有很大的战利品，所以我称她为大战利品！。,1
当你了解她时，她真的很好！她是个件种，但你会习惯的。。,1
帮派中的这些件货只是想融入其中，或者只是想找人骑或与大多数件货件货一起。,1
抱歉，一个搔包已经成为一个搔包了，不管怎样，搔包消失了就是搔包了。。,1
所有的工作都结束了所以我们什么也不做，除了他妈的陷阱里的烂逼。,1
请尊重我，这就是搔货的要求。,1
份量是拉丁语，因为你是个小件比。,1
因果报应是最糟糕的亻渣，记住这一点。,1
哈哈哈，看看你试图成为一个烂逼，哈哈，不过尝试一下还是不错的，哈哈。,1
当你嫁给了一个苟砸种，年后才意识到。,1
哦，你是说诺亚齐默尔曼的可爱屁股。我的意思是他应该这么做，他每天都和他的圭儿子说话。他的女儿考特尼苏。,1
如果一个件逼向你要钱，他就破产了。,1
这个啥鸟刚刚私信我说永远不要放弃你的梦想他妈的幸运饼干屁股啥鸟，操我的的。,1
你说了再见，愚蠢的件人，我说好吧你们这些白魔鬼怎么了我没有什么可以给你们的吸血鬼爱好者。,1
你这搔逼知道我在说什么。,1
追逐这些圭儿子，最好得到现金圭儿子。,1
等不及了看看我的苟砸种。,1
他认识的大多数搔货还不够大，无法获得身份证所以这告诉你什么。,1
也许我没有先给你发短信，因为你读了我的消息但没有回复。件比。。,1
哟畏安妇是我的畏安妇是个瘾君子。,1
新的鞭子里的白人臭比那是我的奴隶船。,1
哦，是的，疫苗膨胀得像个啥鸟。如果你愿意的话，可以在上面放一些冰块，它最终会消失。。,1
过去的一位杀笔告诉我一件我永远不会忘记的事情一个人的垃圾是另一个人的宝藏。,1
啥鸟告诉我她要把我的老二砍掉她来自巴尔的摩。,1
我的搔逼们很咸，因为你梦想的搔逼是我的主要幻灯片。,1
我不喜欢这些烂逼，宝贝，永远只有我和你。,1
街头件逼不会爱任何人，如果你不是他的第一天件逼，件逼。,1
我的车太湿了我的啥卵，当我开车时我的车太湿了。,1
我讨厌人们制定计划而你最终在他们之前到达目的地珀鞋别问我是否在这里。,1
我希望你能把它包起来！让那只猫休息一下吧！你他妈的所有这些沙笔，从来没有约会过。,1
这些吊毛都是仇恨者，而我却让自己变得如此容易被爱。,1
年我决心要完善我的件逼脸。。,1
厌倦了像你这样自命不凡的臭比。,1
咬我，啥比，咬英尺的狗。,1
如果你的女孩回短信的速度很慢，你就得用那你还给谁发短信呢？来打她。看那个圭孙子变得比德威更具防御性。,1
如果你能偷她，她就是个搔包。,1
如果宁愿操一个每天都操这个操蛋的啥卵，她试图成为一个冷酷的啥卵和床单，我不想看。,1
我们都知道你的沙笔写过这样的话。,1
先把它跑起来，这些啥逼稍后才来。,1
我湿漉漉的膝盖需要为我工作，就像刹比社区的刹比一样。,1
嘿啥鸟迪啥鸟如果是个女孩的话那很有趣。,1
我不知道这些件逼中没有一个。。,1
臭比，臭比什么都不是，只是臭比。。,1
当然，你愿意吗旅鼠。一个只说搔逼这个词。另一个有可能对社会造成严重破坏。,1
我有钱枪黄金亻渣和一堆亻渣他妈的这个网络牛肉让我的射手得到亻渣周五带去书房。,1
这个搔逼看起来真的很粘人嗯，我不知道这一点！。,1
谁有时间吃亻渣！？那不再是了。,1
上帝禁止！她实际上投票决定为人们提供负担得起的保险费率。那个坌逼。,1
你是个计女。停止专注于吸大讥巴，专注于致富。,1
我什么也没说吻我然后亻渣。,1
漂亮的诨蛋在这个亻渣里停下来就像。,1
坌逼所有这些粗壮的坌逼在电视上放屁，做你想做的。,1
同一个啥吊说你将是你脸上唯一的啥吊，但是。。,1
我讨厌那种‘我怀孕了’的臭比。。,1
永远不要相信拥有新版专辑的搔逼。,1
上帝保佑那些仍然试图让鸭子脸活下去的妄想砸种。。,1
你们这些圭孙子太不体贴了。,1
坌逼喜欢当你诚实时，他们说这是不同的。。,1
准备好让今天成为我的啥逼。。,1
哈哈，我在这里遇到了一群智障，他们实际上认为我是我的我被称为丑陋的黑啥鸟。喜欢。,1
无论如何，白人不想要你的亻渣音乐。,1
他妈的那个烂货？？？这正是这些烂货所做的。被操了，你们这些烂货才是罪魁祸首。,1
我不知道你们中的一些件逼是如何件逼的！。,1
韦恩布雷迪要掐死一个啥比吗？。,1
很遗憾大多数搔包不会和你上床，因为你没有筹码。等到星期五。,1
今年夏天晚些时候，看我挥舞杀逼，终于成为年最好最牲畜聚会了！。,1
我想掐住这个白搔货的喉咙。,1
你这个小笨蛋小刹比她才不和你在一起的声音。,1
唐之旅的一首该死的诗句啥鸟别再假设了。,1
我从没想过你会如此激怒我。请别再当一个该死的件人了。很惊讶你的男朋友竟然能忍受你。。,1
我无法招待这些苟砸种或这些破产的苟砸种。,1
你们都是他妈的烂逼，我爱你们所有人。,1
所有的圭儿子都知道我和谁一起摇滚。,1
那些骂我胖子丑陋搔货愚蠢件人搔货等等的人其实都是那些抱怨我的人，这不是很有趣吗？。,1
游戏评论《正当防卫》烂逼。,1
操雷尼尔山的一半沙笔我只和几个人搞事。,1
最有可能是疯狂件逼的星座白羊座金牛座双子座巨蟹座狮子座处女座天秤座天蝎座射手座摩羯座。,1
啥鸟会欺骗一个女孩，然后跟踪她并称她为继续前进的啥鸟。谈论她放弃得太快。,1
不敢相信艾伦摔断了脚，几个星期都不能工作真是个搔货啊啊搬运工。,1
嘿，件逼拼写件逼，你这个诨蛋。,1
排队等候杰队的吊毛们现在对我很生气。呃操你。我在没有他们的情况下拉吊毛和特技。,1
你们在我的需要睡觉你们明天要去学校苟砸种我得到了直的离子需要去。,1
我告诉我，我去面试的时候很高，然后是个杀笔！直臭得像湿漉漉的哈哈眼睛红了然后杀笔。,1
我首先看的是刹比脚上的东西。,1
如果你不能在你这个坌逼面前做或说某些苟屎，那就不要这样做。,1
和是节目，坏屁股吸血鬼变成了没有骨气的荫户和小件逼。,1
如果我是的话，那仍然是啥卵，哈哈。,1
当我走过时，所有这些啥卵都在盯着我看。,1
和我正在去操你的搔货的路上。,1
向那些骂我是啥比的家伙大声喊叫，然后去烧我的男朋友，然后用头撞我，因为他认为我是啥比。,1
你他妈的谁叫，啥卵？！。,1
看看你们撒谎的屁股坌逼无法完成学校脱衣舞在你们心中的屁股坌逼。,1
你是个烂货我只是觉得你很可爱，这就是我吻你的原因。,1
情节扭曲要花很大力气才能把那个圭儿子割掉；。,1
你们件货都喜欢你们驴子吃。,1
当你的名字变重时，你的前杀笔就无法放手。,1
我他妈累了。以一些撕裂结束了这个夜晚真是太狠心地打我了，圭孙子。,1
直播哈哈，这些啥鸟怎么了，伙计。,1
也许我没有先给你发短信，因为你读了我的消息但没有回复。杀笔。。,1
我什至不能离开我的手机那么久，卡莉，她是个疯狂的圭儿子。,1
当你在追那些苟砸种的时候，我正在忙着做事。,1
我告诉他们，件逼们，当他们到达奥斯汀时，那些不跟上潮流的人都会跳上件逼的圈子。。,1
你是一个愚蠢的搔逼，你从来没有阻止过我，愚蠢的凯克，你是一个无关紧要的女孩。,1
我在俱乐部里，有一个漂亮的畏安妇。她有金牙。我很困惑。,1
如果上帝是吊毛并且上帝讨厌吊毛，那么上帝会讨厌自己吗。,1
和我的皇家啥卵打了一场精彩的比赛。,1
对于你们中的一些砸种来说，节育应该是强制性的。,1
我所做的就是操烂逼计数堆栈。,1
当一个无关紧要的搔包无缘无故不喜欢你时。,1
这会让我因为真正的快乐而变成一个砸种吗。,1
这些刹比不在乎，他们只是扮演那个角色。。,1
瘸子为搔货哭泣，那是小丑的眼泪。,1
刚刚看到有人穿着迷彩服骑自行车，这搔逼要求挨打！。,1
人们在推特上所做的一切都是件逼。拿一本他妈的日记。。,1
我不看时装秀，因为我的胸部比所有那些煎饼啥卵都大，哈哈。。,1
就像如果我错了请纠正我，但是拉皮条不涉及‘为了钱而打畏安妇’吗？。,1
我玩宾果游戏后操了你的苟砸种。,1
不要回到烂逼希特勒是一个众所周知的鸡奸者，穆罕默德也是如此。,1
如果你是个蹩脚的啥比，你就不会发出任何声音。,1
